ctryname,ctry,year,sex,pop,death,age
Argentina ,501,1970,f,1212124,14676,0
Argentina ,501,1970,f,1147401,681,5
Argentina ,501,1970,f,1107290,513,10
Argentina ,501,1970,f,1061400,864,15
Argentina ,501,1970,f,966518,1001,20
Argentina ,501,1970,f,865165,1121,25
Argentina ,501,1970,f,807273,1375,30
Argentina ,501,1970,f,790712,1743,35
Argentina ,501,1970,f,772872,2061,40
Argentina ,501,1970,f,700343,2588,45
Argentina ,501,1970,f,613660,3465,50
Argentina ,501,1970,f,550142,4476,55
Argentina ,501,1970,f,462255,5657,60
Argentina ,501,1970,f,357013,6665,65
Argentina ,501,1970,f,255491,7683,70
Argentina ,501,1970,f,161152,8098,75
Argentina ,501,1970,f,85413,6880,80
Argentina ,501,1970,f,38111,7120,85
Argentina ,501,1970,f,,,110
Argentina ,501,1970,m,1248559,17507,0
Argentina ,501,1970,m,1181211,883,5
Argentina ,501,1970,m,1140616,778,10
Argentina ,501,1970,m,1091918,1197,15
Argentina ,501,1970,m,999721,3119,20
Argentina ,501,1970,m,886881,1669,25
Argentina ,501,1970,m,820518,1999,30
Argentina ,501,1970,m,801323,2742,35
Argentina ,501,1970,m,781016,3732,40
Argentina ,501,1970,m,705305,5053,45
Argentina ,501,1970,m,605328,7203,50
Argentina ,501,1970,m,533065,9575,55
Argentina ,501,1970,m,444010,11682,60
Argentina ,501,1970,m,338430,12187,65
Argentina ,501,1970,m,226716,11595,70
Argentina ,501,1970,m,136187,9952,75
Argentina ,501,1970,m,62817,6778,80
Argentina ,501,1970,m,21293,4919,85
Argentina ,501,1970,m,,,110
Argentina ,501,1980,f,1638989,15773,0
Argentina ,501,1980,f,1373092,652,5
Argentina ,501,1980,f,1211145,542,10
Argentina ,501,1980,f,1152476,945,15
Argentina ,501,1980,f,1121948,1155,20
Argentina ,501,1980,f,1078018,1302,25
Argentina ,501,1980,f,972846,1462,30
Argentina ,501,1980,f,862521,1822,35
Argentina ,501,1980,f,797252,2297,40
Argentina ,501,1980,f,773128,3062,45
Argentina ,501,1980,f,745457,3934,50
Argentina ,501,1980,f,662258,5009,55
Argentina ,501,1980,f,563194,6595,60
Argentina ,501,1980,f,481480,8548,65
Argentina ,501,1980,f,370749,10312,70
Argentina ,501,1980,f,247148,11478,75
Argentina ,501,1980,f,134861,12159,80
Argentina ,501,1980,f,66240,10116,85
Argentina ,501,1980,f,,,110
Argentina ,501,1980,m,1691423,19317,0
Argentina ,501,1980,m,1414350,865,5
Argentina ,501,1980,m,1245297,792,10
Argentina ,501,1980,m,1163689,1470,15
Argentina ,501,1980,m,1092460,2028,20
Argentina ,501,1980,m,1054073,2081,25
Argentina ,501,1980,m,955190,2262,30
Argentina ,501,1980,m,857324,3045,35
Argentina ,501,1980,m,784947,4383,40
Argentina ,501,1980,m,754938,6298,45
Argentina ,501,1980,m,722811,8298,50
Argentina ,501,1980,m,624381,10354,55
Argentina ,501,1980,m,502180,12981,60
Argentina ,501,1980,m,403016,15078,65
Argentina ,501,1980,m,293923,15165,70
Argentina ,501,1980,m,185401,13350,75
Argentina ,501,1980,m,88086,10779,80
Argentina ,501,1980,m,35159,6757,85
Argentina ,501,1980,m,,,110
Argentina ,501,1991,f,1680552,9714,0
Argentina ,501,1991,f,1620081,501,5
Argentina ,501,1991,f,1660183,439,10
Argentina ,501,1991,f,1438462,694,15
Argentina ,501,1991,f,1248785,825,20
Argentina ,501,1991,f,1177141,981,25
Argentina ,501,1991,f,1134725,1275,30
Argentina ,501,1991,f,1078642,1698,35
Argentina ,501,1991,f,976352,2141,40
Argentina ,501,1991,f,858104,2793,45
Argentina ,501,1991,f,776069,3902,50
Argentina ,501,1991,f,734916,5370,55
Argentina ,501,1991,f,694757,7059,60
Argentina ,501,1991,f,600687,8786,65
Argentina ,501,1991,f,475505,12396,70
Argentina ,501,1991,f,354463,15389,75
Argentina ,501,1991,f,216549,14271,80
Argentina ,501,1991,f,124983,17311,85
Argentina ,501,1991,f,,,110
Argentina ,501,1991,m,1737159,12468,0
Argentina ,501,1991,m,1671807,719,5
Argentina ,501,1991,m,1701575,697,10
Argentina ,501,1991,m,1467534,1289,15
Argentina ,501,1991,m,1268579,1619,20
Argentina ,501,1991,m,1180074,1638,25
Argentina ,501,1991,m,1097104,1965,30
Argentina ,501,1991,m,1043223,2636,35
Argentina ,501,1991,m,945715,3815,40
Argentina ,501,1991,m,833468,5466,45
Argentina ,501,1991,m,736367,8117,50
Argentina ,501,1991,m,673305,11050,55
Argentina ,501,1991,m,610969,13650,60
Argentina ,501,1991,m,492994,14911,65
Argentina ,501,1991,m,350727,17256,70
Argentina ,501,1991,m,231057,17057,75
Argentina ,501,1991,m,123355,12131,80
Argentina ,501,1991,m,59659,10225,85
Argentina ,501,1991,m,,,110
Argentina ,501,2001,f,1684113,5896,0
Argentina ,501,2001,f,1708613,384,5
Argentina ,501,2001,f,1671157,397,10
Argentina ,501,2001,f,1610837,661,15
Argentina ,501,2001,f,1648068,817,20
Argentina ,501,2001,f,1425315,908,25
Argentina ,501,2001,f,1235678,1083,30
Argentina ,501,2001,f,1162936,1431,35
Argentina ,501,2001,f,1117542,2114,40
Argentina ,501,2001,f,1055123,3007,45
Argentina ,501,2001,f,945303,4077,50
Argentina ,501,2001,f,818091,5140,55
Argentina ,501,2001,f,722960,6565,60
Argentina ,501,2001,f,660257,9330,65
Argentina ,501,2001,f,587726,13337,70
Argentina ,501,2001,f,455953,17056,75
Argentina ,501,2001,f,294873,19443,80
Argentina ,501,2001,f,220539,34203,85
Argentina ,501,2001,f,,,110
Argentina ,501,2001,m,1742919,7612,0
Argentina ,501,2001,m,1766102,527,5
Argentina ,501,2001,m,1725346,594,10
Argentina ,501,2001,m,1656502,1789,15
Argentina ,501,2001,m,1676961,2520,20
Argentina ,501,2001,m,1439600,2326,25
Argentina ,501,2001,m,1240291,2259,30
Argentina ,501,2001,m,1151183,2582,35
Argentina ,501,2001,m,1064170,3603,40
Argentina ,501,2001,m,1000667,5375,45
Argentina ,501,2001,m,888519,7650,50
Argentina ,501,2001,m,756550,9860,55
Argentina ,501,2001,m,633648,12705,60
Argentina ,501,2001,m,535958,16305,65
Argentina ,501,2001,m,434015,19876,70
Argentina ,501,2001,m,293485,20451,75
Argentina ,501,2001,m,155872,16165,80
Argentina ,501,2001,m,89424,18621,85
Argentina ,501,2001,m,,,110
Argentina ,501,2010,f,1659629,4540,0
Argentina ,501,2010,f,1612672,314,5
Argentina ,501,2010,f,1660512,431,10
Argentina ,501,2010,f,1682117,751,15
Argentina ,501,2010,f,1635694,846,20
Argentina ,501,2010,f,1577915,915,25
Argentina ,501,2010,f,1611784,1278,30
Argentina ,501,2010,f,1353498,1519,35
Argentina ,501,2010,f,1191149,1985,40
Argentina ,501,2010,f,1130301,2989,45
Argentina ,501,2010,f,1076491,4247,50
Argentina ,501,2010,f,997287,6044,55
Argentina ,501,2010,f,866871,8026,60
Argentina ,501,2010,f,724804,9966,65
Argentina ,501,2010,f,611093,13256,70
Argentina ,501,2010,f,510694,18654,75
Argentina ,501,2010,f,383435,25297,80
Argentina ,501,2010,f,339515,52146,85
Argentina ,501,2010,f,,,110
Argentina ,501,2010,m,1719784,5848,0
Argentina ,501,2010,m,1670208,422,5
Argentina ,501,2010,m,1716673,554,10
Argentina ,501,2010,m,1735094,1864,15
Argentina ,501,2010,m,1680399,2547,20
Argentina ,501,2010,m,1608580,2350,25
Argentina ,501,2010,m,1622573,2436,30
Argentina ,501,2010,m,1350330,2617,35
Argentina ,501,2010,m,1176492,3235,40
Argentina ,501,2010,m,1092182,4628,45
Argentina ,501,2010,m,991545,7153,50
Argentina ,501,2010,m,906989,10746,55
Argentina ,501,2010,m,760929,14211,60
Argentina ,501,2010,m,602522,17058,65
Argentina ,501,2010,m,454574,19380,70
Argentina ,501,2010,m,327896,21691,75
Argentina ,501,2010,m,204040,21656,80
Argentina ,501,2010,m,123703,25885,85
Argentina ,501,2010,m,,,110
Brasil,502,1980,f,8117291,95195,0
Brasil,502,1980,f,7294060,3687,5
Brasil,502,1980,f,7096173,3070,10
Brasil,502,1980,f,6864004,4687,15
Brasil,502,1980,f,5840163,5449,20
Brasil,502,1980,f,4801995,5852,25
Brasil,502,1980,f,3886121,6542,30
Brasil,502,1980,f,3227348,8050,35
Brasil,502,1980,f,2870432,9662,40
Brasil,502,1980,f,2352499,10898,45
Brasil,502,1980,f,2074512,13135,50
Brasil,502,1980,f,1582208,14682,55
Brasil,502,1980,f,1254246,17464,60
Brasil,502,1980,f,1048485,21852,65
Brasil,502,1980,f,695171,25836,70
Brasil,502,1980,f,455764,27616,75
Brasil,502,1980,f,207623,20617,80
Brasil,502,1980,f,136047,21626,85
Brasil,502,1980,f,,,110
Brasil,502,1980,m,8310609,118973,0
Brasil,502,1980,m,7477597,5057,5
Brasil,502,1980,m,7156264,4643,10
Brasil,502,1980,m,6705288,9121,15
Brasil,502,1980,m,5677012,12707,20
Brasil,502,1980,m,4647386,12788,25
Brasil,502,1980,m,3803898,12762,30
Brasil,502,1980,m,3128183,14237,35
Brasil,502,1980,m,2854993,17163,40
Brasil,502,1980,m,2301635,19461,45
Brasil,502,1980,m,2035358,23016,50
Brasil,502,1980,m,1564644,25038,55
Brasil,502,1980,m,1183788,26922,60
Brasil,502,1980,m,984159,31091,65
Brasil,502,1980,m,633195,32449,70
Brasil,502,1980,m,381348,29075,75
Brasil,502,1980,m,154885,18528,80
Brasil,502,1980,m,81357,14206,85
Brasil,502,1980,m,,,110
Brasil,502,1991,f,8138762,44529,0
Brasil,502,1991,f,8584974,2740,5
Brasil,502,1991,f,8453848,2636,10
Brasil,502,1991,f,7514864,4131,15
Brasil,502,1991,f,6837902,5036,20
Brasil,502,1991,f,6458223,5999,25
Brasil,502,1991,f,5658516,6996,30
Brasil,502,1991,f,4868594,8654,35
Brasil,502,1991,f,3990706,10462,40
Brasil,502,1991,f,3165908,11968,45
Brasil,502,1991,f,2638504,15405,50
Brasil,502,1991,f,2240915,18159,55
Brasil,502,1991,f,1927807,23755,60
Brasil,502,1991,f,1469428,27197,65
Brasil,502,1991,f,1015409,30789,70
Brasil,502,1991,f,707099,35139,75
Brasil,502,1991,f,392717,32431,80
Brasil,502,1991,f,258452,37718,85
Brasil,502,1991,f,,,110
Brasil,502,1991,m,8392538,57091,0
Brasil,502,1991,m,8837767,3883,5
Brasil,502,1991,m,8594628,4339,10
Brasil,502,1991,m,7496769,11934,15
Brasil,502,1991,m,6719588,17632,20
Brasil,502,1991,m,6170073,19141,25
Brasil,502,1991,m,5402043,20000,30
Brasil,502,1991,m,4592612,20816,35
Brasil,502,1991,m,3853532,21813,40
Brasil,502,1991,m,2986052,22860,45
Brasil,502,1991,m,2526513,27188,50
Brasil,502,1991,m,2008165,31092,55
Brasil,502,1991,m,1708212,36655,60
Brasil,502,1991,m,1305747,39375,65
Brasil,502,1991,m,866990,39451,70
Brasil,502,1991,m,566403,38575,75
Brasil,502,1991,m,288302,30421,80
Brasil,502,1991,m,154075,25625,85
Brasil,502,1991,m,,,110
Brasil,502,2000,f,8055034,34666,0
Brasil,502,2000,f,8156231,2150,5
Brasil,502,2000,f,8569677,2472,10
Brasil,502,2000,f,8921298,4331,15
Brasil,502,2000,f,8095085,5113,20
Brasil,502,2000,f,7032828,5706,25
Brasil,502,2000,f,6664403,7345,30
Brasil,502,2000,f,6304672,9924,35
Brasil,502,2000,f,5434140,12982,40
Brasil,502,2000,f,4510356,15956,45
Brasil,502,2000,f,3647208,19200,50
Brasil,502,2000,f,2867239,21894,55
Brasil,502,2000,f,2455895,29045,60
Brasil,502,2000,f,1947990,34128,65
Brasil,502,2000,f,1527977,41434,70
Brasil,502,2000,f,998714,42645,75
Brasil,502,2000,f,598625,42396,80
Brasil,502,2000,f,458778,60562,85
Brasil,502,2000,f,,,110
Brasil,502,2000,m,8331092,44219,0
Brasil,502,2000,m,8419736,3212,5
Brasil,502,2000,m,8783111,3821,10
Brasil,502,2000,m,9027782,14928,15
Brasil,502,2000,m,8048548,21509,20
Brasil,502,2000,m,6814230,19696,25
Brasil,502,2000,m,6364465,20809,30
Brasil,502,2000,m,5956011,23652,35
Brasil,502,2000,m,5112908,26868,40
Brasil,502,2000,m,4215798,29921,45
Brasil,502,2000,m,3405927,33081,50
Brasil,502,2000,m,2593950,36190,55
Brasil,502,2000,m,2155737,42983,60
Brasil,502,2000,m,1631352,47509,65
Brasil,502,2000,m,1246359,51890,70
Brasil,502,2000,m,786412,48275,75
Brasil,502,2000,m,425579,38448,80
Brasil,502,2000,m,278714,41283,85
Brasil,502,2000,m,,,110
Brasil,502,2010,f,7421790,20667,0
Brasil,502,2010,f,8423654,1753,5
Brasil,502,2010,f,8481938,2227,10
Brasil,502,2010,f,8108107,4000,15
Brasil,502,2010,f,8463974,5002,20
Brasil,502,2010,f,8767504,6248,25
Brasil,502,2010,f,8075973,7837,30
Brasil,502,2010,f,7206944,9442,35
Brasil,502,2010,f,6731297,13144,40
Brasil,502,2010,f,6429426,18597,45
Brasil,502,2010,f,5389423,23608,50
Brasil,502,2010,f,4421085,28508,55
Brasil,502,2010,f,3397444,33623,60
Brasil,502,2010,f,2535669,39468,65
Brasil,502,2010,f,2036303,49560,70
Brasil,502,2010,f,1394383,56131,75
Brasil,502,2010,f,955197,62535,80
Brasil,502,2010,f,757270,100093,85
Brasil,502,2010,f,,,110
Brasil,502,2010,m,7734659,26013,0
Brasil,502,2010,m,8761216,2407,5
Brasil,502,2010,m,8792106,3493,10
Brasil,502,2010,m,8346784,14949,15
Brasil,502,2010,m,8616871,22831,20
Brasil,502,2010,m,8809395,22518,25
Brasil,502,2010,m,7866040,22079,30
Brasil,502,2010,m,6853080,22646,35
Brasil,502,2010,m,6344771,27404,40
Brasil,502,2010,m,5987570,34251,45
Brasil,502,2010,m,4931486,41844,50
Brasil,502,2010,m,3965624,47703,55
Brasil,502,2010,m,2965894,51772,60
Brasil,502,2010,m,2130501,55614,65
Brasil,502,2010,m,1625546,62781,70
Brasil,502,2010,m,1046973,62407,75
Brasil,502,2010,m,670172,56666,80
Brasil,502,2010,m,482068,66965,85
Brasil,502,2010,m,,,110
Chile,503,1920,f,235140,28210,0
Chile,503,1920,f,249989,2112,5
Chile,503,1920,f,216452,1128,10
Chile,503,1920,f,204568,1734,15
Chile,503,1920,f,180053,2020,20
Chile,503,1920,f,164410,2020,25
Chile,503,1920,f,127205,1799,30
Chile,503,1920,f,117495,1894,35
Chile,503,1920,f,100240,1853,40
Chile,503,1920,f,68286,1471,45
Chile,503,1920,f,69337,1579,50
Chile,503,1920,f,37378,1145,55
Chile,503,1920,f,50247,1003,60
Chile,503,1920,f,19729,1243,65
Chile,503,1920,f,22387,1966,70
Chile,503,1920,f,8240,1103,75
Chile,503,1920,f,9961,1538,80
Chile,503,1920,f,6855,1879,85
Chile,503,1920,f,,,110
Chile,503,1920,m,238901,29246,0
Chile,503,1920,m,256659,1992,5
Chile,503,1920,m,225570,1099,10
Chile,503,1920,m,193618,1667,15
Chile,503,1920,m,173497,2143,20
Chile,503,1920,m,154504,2053,25
Chile,503,1920,m,124772,1843,30
Chile,503,1920,m,118293,2056,35
Chile,503,1920,m,102077,2128,40
Chile,503,1920,m,71406,1833,45
Chile,503,1920,m,65152,1830,50
Chile,503,1920,m,38858,1469,55
Chile,503,1920,m,43493,1992,60
Chile,503,1920,m,19143,1323,65
Chile,503,1920,m,19678,1883,70
Chile,503,1920,m,7809,1094,75
Chile,503,1920,m,7491,1266,80
Chile,503,1920,m,4906,1368,85
Chile,503,1920,m,,,110
Chile,503,1930,f,293702,24298,0
Chile,503,1930,f,265505,1174,5
Chile,503,1930,f,230834,920,10
Chile,503,1930,f,240319,1877,15
Chile,503,1930,f,211296,2121,20
Chile,503,1930,f,189575,2017,25
Chile,503,1930,f,143232,1645,30
Chile,503,1930,f,137106,1659,35
Chile,503,1930,f,107794,1396,40
Chile,503,1930,f,87714,1358,45
Chile,503,1930,f,75736,1252,50
Chile,503,1930,f,49545,1193,55
Chile,503,1930,f,52153,1598,60
Chile,503,1930,f,26865,1331,65
Chile,503,1930,f,24494,1584,70
Chile,503,1930,f,11348,1156,75
Chile,503,1930,f,10219,1405,80
Chile,503,1930,f,7299,1965,85
Chile,503,1930,f,,,110
Chile,503,1930,m,296218,27126,0
Chile,503,1930,m,269859,1264,5
Chile,503,1930,m,237661,832,10
Chile,503,1930,m,229000,1559,15
Chile,503,1930,m,205558,2008,20
Chile,503,1930,m,172169,1668,25
Chile,503,1930,m,145344,1538,30
Chile,503,1930,m,132304,1570,35
Chile,503,1930,m,109976,1654,40
Chile,503,1930,m,89793,1766,45
Chile,503,1930,m,73737,1642,50
Chile,503,1930,m,49384,1507,55
Chile,503,1930,m,44304,1804,60
Chile,503,1930,m,26185,1524,65
Chile,503,1930,m,19776,1524,70
Chile,503,1930,m,9697,1140,75
Chile,503,1930,m,6793,1036,80
Chile,503,1930,m,4951,1239,85
Chile,503,1930,m,,,110
Chile,503,1940,f,308336,24609,0
Chile,503,1940,f,312905,860,5
Chile,503,1940,f,302490,1055,10
Chile,503,1940,f,256482,1783,15
Chile,503,1940,f,238059,2227,20
Chile,503,1940,f,222506,2164,25
Chile,503,1940,f,174974,1679,30
Chile,503,1940,f,165587,1742,35
Chile,503,1940,f,131692,1474,40
Chile,503,1940,f,106840,1382,45
Chile,503,1940,f,87940,1433,50
Chile,503,1940,f,66408,1545,55
Chile,503,1940,f,62780,1934,60
Chile,503,1940,f,33784,1666,65
Chile,503,1940,f,28537,1844,70
Chile,503,1940,f,14166,1418,75
Chile,503,1940,f,11109,1407,80
Chile,503,1940,f,8230,1853,85
Chile,503,1940,f,,,110
Chile,503,1940,m,313667,26419,0
Chile,503,1940,m,321952,904,5
Chile,503,1940,m,306807,981,10
Chile,503,1940,m,256321,1620,15
Chile,503,1940,m,218871,2067,20
Chile,503,1940,m,204395,1893,25
Chile,503,1940,m,177431,1887,30
Chile,503,1940,m,155405,1744,35
Chile,503,1940,m,136983,1979,40
Chile,503,1940,m,109145,1961,45
Chile,503,1940,m,86081,1917,50
Chile,503,1940,m,68181,2126,55
Chile,503,1940,m,55443,2255,60
Chile,503,1940,m,32586,1910,65
Chile,503,1940,m,22562,1863,70
Chile,503,1940,m,11799,1259,75
Chile,503,1940,m,6958,1017,80
Chile,503,1940,m,5339,1221,85
Chile,503,1940,m,,,110
Chile,503,1952,f,387422,16084,0
Chile,503,1952,f,387096,727,5
Chile,503,1952,f,323012,574,10
Chile,503,1952,f,290913,864,15
Chile,503,1952,f,298744,1185,20
Chile,503,1952,f,234270,1085,25
Chile,503,1952,f,195026,1067,30
Chile,503,1952,f,197132,1178,35
Chile,503,1952,f,158806,1141,40
Chile,503,1952,f,133116,1207,45
Chile,503,1952,f,116250,1389,50
Chile,503,1952,f,81587,1436,55
Chile,503,1952,f,78234,1776,60
Chile,503,1952,f,48503,1834,65
Chile,503,1952,f,37507,2097,70
Chile,503,1952,f,19475,1726,75
Chile,503,1952,f,14198,1497,80
Chile,503,1952,f,10818,1909,85
Chile,503,1952,f,,,110
Chile,503,1952,m,391717,17925,0
Chile,503,1952,m,391881,843,5
Chile,503,1952,m,327460,618,10
Chile,503,1952,m,280970,913,15
Chile,503,1952,m,274266,1241,20
Chile,503,1952,m,212215,1078,25
Chile,503,1952,m,184985,1182,30
Chile,503,1952,m,178592,1331,35
Chile,503,1952,m,163224,1553,40
Chile,503,1952,m,127157,1590,45
Chile,503,1952,m,114318,1876,50
Chile,503,1952,m,78935,1983,55
Chile,503,1952,m,68718,2350,60
Chile,503,1952,m,44294,2281,65
Chile,503,1952,m,30729,2265,70
Chile,503,1952,m,15390,1563,75
Chile,503,1952,m,8884,1185,80
Chile,503,1952,m,6125,1068,85
Chile,503,1952,m,,,110
Chile,503,1960,f,549924,19858,0
Chile,503,1960,f,489047,724,5
Chile,503,1960,f,415428,441,10
Chile,503,1960,f,370253,616,15
Chile,503,1960,f,310762,732,20
Chile,503,1960,f,275172,830,25
Chile,503,1960,f,260273,1014,30
Chile,503,1960,f,215448,1021,35
Chile,503,1960,f,185401,1051,40
Chile,503,1960,f,167091,1267,45
Chile,503,1960,f,141015,1424,50
Chile,503,1960,f,109013,1699,55
Chile,503,1960,f,96713,2074,60
Chile,503,1960,f,67605,2170,65
Chile,503,1960,f,46423,2476,70
Chile,503,1960,f,28965,2359,75
Chile,503,1960,f,18685,1906,80
Chile,503,1960,f,14090,2190,85
Chile,503,1960,f,,,110
Chile,503,1960,m,554796,23055,0
Chile,503,1960,m,492442,956,5
Chile,503,1960,m,420881,560,10
Chile,503,1960,m,354554,722,15
Chile,503,1960,m,287637,1029,20
Chile,503,1960,m,251833,1127,25
Chile,503,1960,m,246879,1318,30
Chile,503,1960,m,199965,1411,35
Chile,503,1960,m,178478,1574,40
Chile,503,1960,m,157143,1999,45
Chile,503,1960,m,137561,2135,50
Chile,503,1960,m,103319,2422,55
Chile,503,1960,m,86342,2742,60
Chile,503,1960,m,60615,2692,65
Chile,503,1960,m,38032,2699,70
Chile,503,1960,m,22740,2238,75
Chile,503,1960,m,12116,1509,80
Chile,503,1960,m,7474,1241,85
Chile,503,1960,m,,,110
Chile,503,1970,f,555601,11056,0
Chile,503,1970,f,619796,488,5
Chile,503,1970,f,554819,362,10
Chile,503,1970,f,466736,492,15
Chile,503,1970,f,398383,551,20
Chile,503,1970,f,324130,586,25
Chile,503,1970,f,267312,687,30
Chile,503,1970,f,267078,832,35
Chile,503,1970,f,232778,1000,40
Chile,503,1970,f,184593,1157,45
Chile,503,1970,f,163277,1413,50
Chile,503,1970,f,141449,1857,55
Chile,503,1970,f,117484,2393,60
Chile,503,1970,f,92256,2851,65
Chile,503,1970,f,64112,3127,70
Chile,503,1970,f,38684,2996,75
Chile,503,1970,f,25096,2766,80
Chile,503,1970,f,16571,3132,85
Chile,503,1970,f,,,110
Chile,503,1970,m,567233,13378,0
Chile,503,1970,m,624134,672,5
Chile,503,1970,m,559559,490,10
Chile,503,1970,m,446729,754,15
Chile,503,1970,m,370653,961,20
Chile,503,1970,m,301862,1036,25
Chile,503,1970,m,249409,1050,30
Chile,503,1970,m,247473,1340,35
Chile,503,1970,m,223014,1694,40
Chile,503,1970,m,172260,1907,45
Chile,503,1970,m,149338,2189,50
Chile,503,1970,m,127242,2746,55
Chile,503,1970,m,105715,3233,60
Chile,503,1970,m,79614,3538,65
Chile,503,1970,m,53660,3491,70
Chile,503,1970,m,31021,2975,75
Chile,503,1970,m,16805,2141,80
Chile,503,1970,m,8857,1745,85
Chile,503,1970,m,,,110
Chile,503,1982,f,593461,3435,0
Chile,503,1982,f,596095,198,5
Chile,503,1982,f,613882,236,10
Chile,503,1982,f,652552,300,15
Chile,503,1982,f,595598,348,20
Chile,503,1982,f,479199,434,25
Chile,503,1982,f,399344,433,30
Chile,503,1982,f,345189,543,35
Chile,503,1982,f,295423,689,40
Chile,503,1982,f,242703,926,45
Chile,503,1982,f,246594,1450,50
Chile,503,1982,f,185420,1571,55
Chile,503,1982,f,158988,2079,60
Chile,503,1982,f,134994,2728,65
Chile,503,1982,f,99625,3442,70
Chile,503,1982,f,65620,3871,75
Chile,503,1982,f,41961,3613,80
Chile,503,1982,f,27946,4227,85
Chile,503,1982,f,,,110
Chile,503,1982,m,612536,4166,0
Chile,503,1982,m,611321,315,5
Chile,503,1982,m,625818,375,10
Chile,503,1982,m,650336,642,15
Chile,503,1982,m,573439,946,20
Chile,503,1982,m,452697,1041,25
Chile,503,1982,m,379660,938,30
Chile,503,1982,m,325923,1154,35
Chile,503,1982,m,281269,1393,40
Chile,503,1982,m,223679,1739,45
Chile,503,1982,m,226382,2556,50
Chile,503,1982,m,166328,2775,55
Chile,503,1982,m,136383,3239,60
Chile,503,1982,m,113267,3954,65
Chile,503,1982,m,81507,4338,70
Chile,503,1982,m,49380,3893,75
Chile,503,1982,m,27574,3133,80
Chile,503,1982,m,15113,2484,85
Chile,503,1982,m,,,110
Chile,503,1992,f,706989,2229,0
Chile,503,1992,f,613710,147,5
Chile,503,1992,f,600163,128,10
Chile,503,1992,f,603624,233,15
Chile,503,1992,f,609468,284,20
Chile,503,1992,f,624853,334,25
Chile,503,1992,f,569169,365,30
Chile,503,1992,f,473520,519,35
Chile,503,1992,f,389515,666,40
Chile,503,1992,f,332491,882,45
Chile,503,1992,f,279783,1190,50
Chile,503,1992,f,232639,1552,55
Chile,503,1992,f,228815,2379,60
Chile,503,1992,f,163923,2931,65
Chile,503,1992,f,127889,3696,70
Chile,503,1992,f,96290,4714,75
Chile,503,1992,f,63437,4920,80
Chile,503,1992,f,42703,6637,85
Chile,503,1992,f,,,110
Chile,503,1992,m,738950,2834,0
Chile,503,1992,m,632940,186,5
Chile,503,1992,m,619612,227,10
Chile,503,1992,m,617791,541,15
Chile,503,1992,m,599253,931,20
Chile,503,1992,m,601878,1021,25
Chile,503,1992,m,547158,1086,30
Chile,503,1992,m,447402,1074,35
Chile,503,1992,m,368277,1227,40
Chile,503,1992,m,313247,1509,45
Chile,503,1992,m,258566,1883,50
Chile,503,1992,m,208628,2427,55
Chile,503,1992,m,197929,3770,60
Chile,503,1992,m,138006,4009,65
Chile,503,1992,m,99274,4637,70
Chile,503,1992,m,67938,4963,75
Chile,503,1992,m,39182,4214,80
Chile,503,1992,m,19694,3727,85
Chile,503,1992,m,,,110
Chile,503,2002,f,565077,1044,0
Chile,503,2002,f,645924,109,5
Chile,503,2002,f,697088,125,10
Chile,503,2002,f,628376,170,15
Chile,503,2002,f,595996,213,20
Chile,503,2002,f,599185,250,25
Chile,503,2002,f,605707,288,30
Chile,503,2002,f,629043,466,35
Chile,503,2002,f,578830,712,40
Chile,503,2002,f,462910,985,45
Chile,503,2002,f,389603,1290,50
Chile,503,2002,f,311572,1707,55
Chile,503,2002,f,264405,2250,60
Chile,503,2002,f,215079,2914,65
Chile,503,2002,f,194210,4390,70
Chile,503,2002,f,125842,4823,75
Chile,503,2002,f,84424,5241,80
Chile,503,2002,f,75316,9732,85
Chile,503,2002,f,,,110
Chile,503,2002,m,585999,1369,0
Chile,503,2002,m,670674,146,5
Chile,503,2002,m,725364,232,10
Chile,503,2002,m,651713,484,15
Chile,503,2002,m,605430,783,20
Chile,503,2002,m,593539,881,25
Chile,503,2002,m,594484,962,30
Chile,503,2002,m,605957,1231,35
Chile,503,2002,m,552928,1535,40
Chile,503,2002,m,441756,1803,45
Chile,503,2002,m,369400,2199,50
Chile,503,2002,m,292402,2927,55
Chile,503,2002,m,235497,3533,60
Chile,503,2002,m,184208,4406,65
Chile,503,2002,m,153908,5899,70
Chile,503,2002,m,93489,5440,75
Chile,503,2002,m,52730,4867,80
Chile,503,2002,m,38042,5644,85
Chile,503,2002,m,,,110
Chile,503,2012,f,598947,2040,0
Chile,503,2012,f,604851,164,5
Chile,503,2012,f,642809,182,10
Chile,503,2012,f,723136,454,15
Chile,503,2012,f,730094,488,20
Chile,503,2012,f,669733,518,25
Chile,503,2012,f,590252,642,30
Chile,503,2012,f,612869,896,35
Chile,503,2012,f,621239,1390,40
Chile,503,2012,f,637622,2146,45
Chile,503,2012,f,567711,2966,50
Chile,503,2012,f,449126,3754,55
Chile,503,2012,f,361601,5018,60
Chile,503,2012,f,297632,6378,65
Chile,503,2012,f,222545,7682,70
Chile,503,2012,f,174267,10798,75
Chile,503,2012,f,125155,13150,80
Chile,503,2012,f,71917,12558,85
Chile,503,2012,f,,,110
Chile,503,2012,m,621417,2590,0
Chile,503,2012,m,627319,214,5
Chile,503,2012,m,666123,290,10
Chile,503,2012,m,747970,1074,15
Chile,503,2012,m,751771,1708,20
Chile,503,2012,m,685219,1728,25
Chile,503,2012,m,597810,1690,30
Chile,503,2012,m,613926,2192,35
Chile,503,2012,m,615698,3084,40
Chile,503,2012,m,625376,4278,45
Chile,503,2012,m,550164,5234,50
Chile,503,2012,m,427397,6334,55
Chile,503,2012,m,332196,8146,60
Chile,503,2012,m,258855,9954,65
Chile,503,2012,m,179416,10790,70
Chile,503,2012,m,124701,12872,75
Chile,503,2012,m,77567,12468,80
Chile,503,2012,m,36582,8558,85
Chile,503,2012,m,,,110
Colombia,504,1964,f,1523490,58835,0
Colombia,504,1964,f,1382217,4199,5
Colombia,504,1964,f,1120549,1588,10
Colombia,504,1964,f,929756,2054,15
Colombia,504,1964,f,746103,2557,20
Colombia,504,1964,f,616153,2698,25
Colombia,504,1964,f,530081,2616,30
Colombia,504,1964,f,481253,3106,35
Colombia,504,1964,f,358742,2682,40
Colombia,504,1964,f,300973,2754,45
Colombia,504,1964,f,256047,3176,50
Colombia,504,1964,f,164475,2905,55
Colombia,504,1964,f,176149,4558,60
Colombia,504,1964,f,97338,3700,65
Colombia,504,1964,f,80691,5021,70
Colombia,504,1964,f,44313,3664,75
Colombia,504,1964,f,33480,4186,80
Colombia,504,1964,f,28046,6099,85
Colombia,504,1964,f,,,110
Colombia,504,1964,m,1600438,66428,0
Colombia,504,1964,m,1453190,4773,5
Colombia,504,1964,m,1176562,2180,10
Colombia,504,1964,m,856722,2606,15
Colombia,504,1964,m,687677,3710,20
Colombia,504,1964,m,563101,3387,25
Colombia,504,1964,m,512442,2923,30
Colombia,504,1964,m,453994,3235,35
Colombia,504,1964,m,368733,3077,40
Colombia,504,1964,m,298369,3328,45
Colombia,504,1964,m,268660,3952,50
Colombia,504,1964,m,171211,3887,55
Colombia,504,1964,m,167822,5177,60
Colombia,504,1964,m,94465,4140,65
Colombia,504,1964,m,69965,4868,70
Colombia,504,1964,m,40347,3589,75
Colombia,504,1964,m,24230,3098,80
Colombia,504,1964,m,17262,3704,85
Colombia,504,1964,m,,,110
Colombia,504,1973,f,1459438,33170,0
Colombia,504,1973,f,1585484,2764,5
Colombia,504,1973,f,1476622,1115,10
Colombia,504,1973,f,1276917,1410,15
Colombia,504,1973,f,985743,1484,20
Colombia,504,1973,f,729591,1466,25
Colombia,504,1973,f,586266,1591,30
Colombia,504,1973,f,559007,2064,35
Colombia,504,1973,f,452180,1947,40
Colombia,504,1973,f,368972,2070,45
Colombia,504,1973,f,308044,2459,50
Colombia,504,1973,f,210327,2594,55
Colombia,504,1973,f,197051,3463,60
Colombia,504,1973,f,119982,3739,65
Colombia,504,1973,f,106922,4094,70
Colombia,504,1973,f,51160,3340,75
Colombia,504,1973,f,36734,3192,80
Colombia,504,1973,f,32086,4807,85
Colombia,504,1973,f,,,110
Colombia,504,1973,m,1715824,37947,0
Colombia,504,1973,m,1847262,3155,5
Colombia,504,1973,m,1721911,1569,10
Colombia,504,1973,m,1332824,1857,15
Colombia,504,1973,m,996081,2300,20
Colombia,504,1973,m,757750,2107,25
Colombia,504,1973,m,634225,1936,30
Colombia,504,1973,m,560922,2144,35
Colombia,504,1973,m,499157,2124,40
Colombia,504,1973,m,388571,2452,45
Colombia,504,1973,m,344811,2941,50
Colombia,504,1973,m,238164,3316,55
Colombia,504,1973,m,219001,4229,60
Colombia,504,1973,m,129598,4402,65
Colombia,504,1973,m,111174,4472,70
Colombia,504,1973,m,50895,3446,75
Colombia,504,1973,m,31681,2669,80
Colombia,504,1973,m,24264,2925,85
Colombia,504,1973,m,,,110
Colombia,504,1985,f,2015243,10684,0
Colombia,504,1985,f,1898801,949,5
Colombia,504,1985,f,1724121,697,10
Colombia,504,1985,f,1735431,1238,15
Colombia,504,1985,f,1553413,1477,20
Colombia,504,1985,f,1298479,1456,25
Colombia,504,1985,f,1090228,1390,30
Colombia,504,1985,f,850719,1674,35
Colombia,504,1985,f,632509,1735,40
Colombia,504,1985,f,516598,2271,45
Colombia,504,1985,f,442297,2938,50
Colombia,504,1985,f,378922,3512,55
Colombia,504,1985,f,324300,4511,60
Colombia,504,1985,f,247537,5232,65
Colombia,504,1985,f,189791,6109,70
Colombia,504,1985,f,125417,6102,75
Colombia,504,1985,f,66588,5565,80
Colombia,504,1985,f,38373,7165,85
Colombia,504,1985,f,,,110
Colombia,504,1985,m,2094460,13411,0
Colombia,504,1985,m,1963898,1268,5
Colombia,504,1985,m,1775913,1107,10
Colombia,504,1985,m,1783921,2861,15
Colombia,504,1985,m,1576979,5126,20
Colombia,504,1985,m,1288628,5009,25
Colombia,504,1985,m,1050660,3914,30
Colombia,504,1985,m,801108,3304,35
Colombia,504,1985,m,583660,2883,40
Colombia,504,1985,m,468044,3211,45
Colombia,504,1985,m,395360,3852,50
Colombia,504,1985,m,338567,4652,55
Colombia,504,1985,m,288329,5697,60
Colombia,504,1985,m,215141,6294,65
Colombia,504,1985,m,156507,7335,70
Colombia,504,1985,m,96158,6558,75
Colombia,504,1985,m,47624,5275,80
Colombia,504,1985,m,23839,5082,85
Colombia,504,1985,m,,,110
Colombia,504,1993,f,2152850,6612,0
Colombia,504,1993,f,2046966,668,5
Colombia,504,1993,f,1951104,594,10
Colombia,504,1993,f,1800412,1111,15
Colombia,504,1993,f,1684772,1413,20
Colombia,504,1993,f,1626978,1417,25
Colombia,504,1993,f,1408377,1571,30
Colombia,504,1993,f,1181682,1730,35
Colombia,504,1993,f,969151,1856,40
Colombia,504,1993,f,733011,2132,45
Colombia,504,1993,f,553222,2778,50
Colombia,504,1993,f,455111,3415,55
Colombia,504,1993,f,381087,4902,60
Colombia,504,1993,f,312997,5489,65
Colombia,504,1993,f,237675,6641,70
Colombia,504,1993,f,159955,6789,75
Colombia,504,1993,f,95306,6684,80
Colombia,504,1993,f,57492,8220,85
Colombia,504,1993,f,,,110
Colombia,504,1993,m,2243200,8574,0
Colombia,504,1993,m,2125505,928,5
Colombia,504,1993,m,2017805,1121,10
Colombia,504,1993,m,1846065,4942,15
Colombia,504,1993,m,1691006,7958,20
Colombia,504,1993,m,1597422,7251,25
Colombia,504,1993,m,1353377,6301,30
Colombia,504,1993,m,1111536,5343,35
Colombia,504,1993,m,897046,4119,40
Colombia,504,1993,m,667541,3752,45
Colombia,504,1993,m,493450,4018,50
Colombia,504,1993,m,397087,4719,55
Colombia,504,1993,m,326625,6374,60
Colombia,504,1993,m,265100,6901,65
Colombia,504,1993,m,195649,7936,70
Colombia,504,1993,m,124623,7633,75
Colombia,504,1993,m,67089,6439,80
Colombia,504,1993,m,34050,6163,85
Colombia,504,1993,m,,,110
Colombia,504,2005,f,2172985,6129,0
Colombia,504,2005,f,2160134,532,5
Colombia,504,2005,f,2152427,569,10
Colombia,504,2005,f,2053985,1142,15
Colombia,504,2005,f,1949608,1334,20
Colombia,504,2005,f,1824515,1206,25
Colombia,504,2005,f,1633859,1332,30
Colombia,504,2005,f,1634664,1706,35
Colombia,504,2005,f,1460224,2139,40
Colombia,504,2005,f,1220690,2616,45
Colombia,504,2005,f,1014031,3238,50
Colombia,504,2005,f,771991,3853,55
Colombia,504,2005,f,556336,4691,60
Colombia,504,2005,f,426411,6480,65
Colombia,504,2005,f,326176,8386,70
Colombia,504,2005,f,232354,9678,75
Colombia,504,2005,f,147092,9512,80
Colombia,504,2005,f,0,0,85
Colombia,504,2005,f,,,110
Colombia,504,2005,m,2266644,7861,0
Colombia,504,2005,m,2249138,767,5
Colombia,504,2005,m,2236945,830,10
Colombia,504,2005,m,2119764,3330,15
Colombia,504,2005,m,1972251,5775,20
Colombia,504,2005,m,1793965,5446,25
Colombia,504,2005,m,1557590,4590,30
Colombia,504,2005,m,1528382,4411,35
Colombia,504,2005,m,1347841,4313,40
Colombia,504,2005,m,1111301,4401,45
Colombia,504,2005,m,910186,5033,50
Colombia,504,2005,m,680269,5362,55
Colombia,504,2005,m,476598,6437,60
Colombia,504,2005,m,352539,8237,65
Colombia,504,2005,m,257537,10036,70
Colombia,504,2005,m,174738,10856,75
Colombia,504,2005,m,102893,9284,80
Colombia,504,2005,m,0,0,85
Colombia,504,2005,m,,,110
Costa Rica,505,1963,f,137253,2695,0
Costa Rica,505,1963,f,111328,125,5
Costa Rica,505,1963,f,87907,54,10
Costa Rica,505,1963,f,65355,60,15
Costa Rica,505,1963,f,53010,62,20
Costa Rica,505,1963,f,45568,79,25
Costa Rica,505,1963,f,39997,82,30
Costa Rica,505,1963,f,34075,87,35
Costa Rica,505,1963,f,29468,99,40
Costa Rica,505,1963,f,28018,117,45
Costa Rica,505,1963,f,22959,122,50
Costa Rica,505,1963,f,19636,137,55
Costa Rica,505,1963,f,17148,231,60
Costa Rica,505,1963,f,14239,200,65
Costa Rica,505,1963,f,10323,276,70
Costa Rica,505,1963,f,6799,253,75
Costa Rica,505,1963,f,3500,232,80
Costa Rica,505,1963,f,1820,307,85
Costa Rica,505,1963,f,,,110
Costa Rica,505,1963,m,141951,3237,0
Costa Rica,505,1963,m,114962,180,5
Costa Rica,505,1963,m,90786,79,10
Costa Rica,505,1963,m,67023,77,15
Costa Rica,505,1963,m,53396,104,20
Costa Rica,505,1963,m,45717,97,25
Costa Rica,505,1963,m,40541,78,30
Costa Rica,505,1963,m,35890,99,35
Costa Rica,505,1963,m,32204,129,40
Costa Rica,505,1963,m,32135,117,45
Costa Rica,505,1963,m,26203,184,50
Costa Rica,505,1963,m,21832,171,55
Costa Rica,505,1963,m,18008,219,60
Costa Rica,505,1963,m,13890,233,65
Costa Rica,505,1963,m,9334,292,70
Costa Rica,505,1963,m,5667,275,75
Costa Rica,505,1963,m,2768,230,80
Costa Rica,505,1963,m,1352,247,85
Costa Rica,505,1963,m,,,110
Costa Rica,505,1973,f,136433,1360,0
Costa Rica,505,1973,f,141290,96,5
Costa Rica,505,1973,f,134153,35,10
Costa Rica,505,1973,f,110417,78,15
Costa Rica,505,1973,f,87210,81,20
Costa Rica,505,1973,f,64702,58,25
Costa Rica,505,1973,f,52319,79,30
Costa Rica,505,1973,f,44642,80,35
Costa Rica,505,1973,f,38935,125,40
Costa Rica,505,1973,f,32913,121,45
Costa Rica,505,1973,f,28096,145,50
Costa Rica,505,1973,f,26186,164,55
Costa Rica,505,1973,f,20667,249,60
Costa Rica,505,1973,f,16565,269,65
Costa Rica,505,1973,f,12984,346,70
Costa Rica,505,1973,f,9081,341,75
Costa Rica,505,1973,f,5018,322,80
Costa Rica,505,1973,f,3002,455,85
Costa Rica,505,1973,f,,,110
Costa Rica,505,1973,m,141442,1666,0
Costa Rica,505,1973,m,146171,99,5
Costa Rica,505,1973,m,138334,95,10
Costa Rica,505,1973,m,113335,122,15
Costa Rica,505,1973,m,89180,145,20
Costa Rica,505,1973,m,65537,124,25
Costa Rica,505,1973,m,52173,108,30
Costa Rica,505,1973,m,44476,121,35
Costa Rica,505,1973,m,39169,134,40
Costa Rica,505,1973,m,34283,170,45
Costa Rica,505,1973,m,30234,211,50
Costa Rica,505,1973,m,29331,251,55
Costa Rica,505,1973,m,22769,328,60
Costa Rica,505,1973,m,17477,309,65
Costa Rica,505,1973,m,12651,384,70
Costa Rica,505,1973,m,8139,342,75
Costa Rica,505,1973,m,4170,315,80
Costa Rica,505,1973,m,2264,364,85
Costa Rica,505,1973,m,,,110
Costa Rica,505,1984,f,175864,713,0
Costa Rica,505,1984,f,150947,35,5
Costa Rica,505,1984,f,135848,38,10
Costa Rica,505,1984,f,142368,46,15
Costa Rica,505,1984,f,140236,75,20
Costa Rica,505,1984,f,114972,66,25
Costa Rica,505,1984,f,92572,74,30
Costa Rica,505,1984,f,67920,90,35
Costa Rica,505,1984,f,54831,97,40
Costa Rica,505,1984,f,46258,114,45
Costa Rica,505,1984,f,39468,154,50
Costa Rica,505,1984,f,33764,208,55
Costa Rica,505,1984,f,26566,255,60
Costa Rica,505,1984,f,24545,307,65
Costa Rica,505,1984,f,17754,430,70
Costa Rica,505,1984,f,12256,1624,75
Costa Rica,505,1984,f,7415,0,80
Costa Rica,505,1984,f,4905,0,85
Costa Rica,505,1984,f,,,110
Costa Rica,505,1984,m,183846,935,0
Costa Rica,505,1984,m,157499,51,5
Costa Rica,505,1984,m,141680,75,10
Costa Rica,505,1984,m,150037,101,15
Costa Rica,505,1984,m,149064,181,20
Costa Rica,505,1984,m,122632,175,25
Costa Rica,505,1984,m,97554,121,30
Costa Rica,505,1984,m,69774,127,35
Costa Rica,505,1984,m,54304,129,40
Costa Rica,505,1984,m,45922,176,45
Costa Rica,505,1984,m,38898,230,50
Costa Rica,505,1984,m,34475,313,55
Costa Rica,505,1984,m,27154,353,60
Costa Rica,505,1984,m,25778,446,65
Costa Rica,505,1984,m,17706,551,70
Costa Rica,505,1984,m,11245,1641,75
Costa Rica,505,1984,m,6103,0,80
Costa Rica,505,1984,m,3663,0,85
Costa Rica,505,1984,m,,,110
Costa Rica,505,2000,f,192547,804,0
Costa Rica,505,2000,f,199736,60,5
Costa Rica,505,2000,f,209513,96,10
Costa Rica,505,2000,f,192453,152,15
Costa Rica,505,2000,f,170972,164,20
Costa Rica,505,2000,f,151040,186,25
Costa Rica,505,2000,f,152665,176,30
Costa Rica,505,2000,f,151026,250,35
Costa Rica,505,2000,f,123990,326,40
Costa Rica,505,2000,f,99941,388,45
Costa Rica,505,2000,f,72403,474,50
Costa Rica,505,2000,f,56347,544,55
Costa Rica,505,2000,f,45697,784,60
Costa Rica,505,2000,f,36874,984,65
Costa Rica,505,2000,f,29665,1280,70
Costa Rica,505,2000,f,20140,1478,75
Costa Rica,505,2000,f,15263,1524,80
Costa Rica,505,2000,f,11715,3068,85
Costa Rica,505,2000,f,,,110
Costa Rica,505,2000,m,201935,1076,0
Costa Rica,505,2000,m,210713,94,5
Costa Rica,505,2000,m,221560,120,10
Costa Rica,505,2000,m,202706,340,15
Costa Rica,505,2000,m,179021,412,20
Costa Rica,505,2000,m,157110,438,25
Costa Rica,505,2000,m,158997,458,30
Costa Rica,505,2000,m,158034,534,35
Costa Rica,505,2000,m,130379,708,40
Costa Rica,505,2000,m,103930,702,45
Costa Rica,505,2000,m,73512,724,50
Costa Rica,505,2000,m,54884,938,55
Costa Rica,505,2000,m,44201,1164,60
Costa Rica,505,2000,m,34369,1406,65
Costa Rica,505,2000,m,27485,1780,70
Costa Rica,505,2000,m,17497,1774,75
Costa Rica,505,2000,m,12761,1632,80
Costa Rica,505,2000,m,8595,2712,85
Costa Rica,505,2000,m,,,110
Cuba,506,1970,f,578559,4765,0
Cuba,506,1970,f,571240,203,5
Cuba,506,1970,f,395988,176,10
Cuba,506,1970,f,377646,351,15
Cuba,506,1970,f,356491,408,20
Cuba,506,1970,f,320165,362,25
Cuba,506,1970,f,274785,395,30
Cuba,506,1970,f,230185,450,35
Cuba,506,1970,f,212210,527,40
Cuba,506,1970,f,182986,672,45
Cuba,506,1970,f,167410,899,50
Cuba,506,1970,f,152539,1036,55
Cuba,506,1970,f,121896,1152,60
Cuba,506,1970,f,101283,1380,65
Cuba,506,1970,f,40123,1588,70
Cuba,506,1970,f,40336,1800,75
Cuba,506,1970,f,28596,1691,80
Cuba,506,1970,f,23713,2801,85
Cuba,506,1970,f,,,110
Cuba,506,1970,m,605890,5863,0
Cuba,506,1970,m,597646,286,5
Cuba,506,1970,m,416588,236,10
Cuba,506,1970,m,390162,472,15
Cuba,506,1970,m,365458,604,20
Cuba,506,1970,m,332441,494,25
Cuba,506,1970,m,287132,482,30
Cuba,506,1970,m,234383,508,35
Cuba,506,1970,m,215870,613,40
Cuba,506,1970,m,191232,851,45
Cuba,506,1970,m,179344,1258,50
Cuba,506,1970,m,161984,1687,55
Cuba,506,1970,m,141828,2106,60
Cuba,506,1970,m,127450,2314,65
Cuba,506,1970,m,51610,2535,70
Cuba,506,1970,m,43486,2581,75
Cuba,506,1970,m,28891,2007,80
Cuba,506,1970,m,21575,2565,85
Cuba,506,1970,m,,,110
Cuba,506,1981,f,347604,2649,0
Cuba,506,1981,f,511396,202,5
Cuba,506,1981,f,578778,211,10
Cuba,506,1981,f,572881,389,15
Cuba,506,1981,f,401668,399,20
Cuba,506,1981,f,362042,367,25
Cuba,506,1981,f,348142,374,30
Cuba,506,1981,f,312290,426,35
Cuba,506,1981,f,267259,515,40
Cuba,506,1981,f,221647,671,45
Cuba,506,1981,f,196024,915,50
Cuba,506,1981,f,171245,1143,55
Cuba,506,1981,f,154139,1593,60
Cuba,506,1981,f,132502,2090,65
Cuba,506,1981,f,104121,2342,70
Cuba,506,1981,f,72757,2179,75
Cuba,506,1981,f,26260,2075,80
Cuba,506,1981,f,27977,4354,85
Cuba,506,1981,f,,,110
Cuba,506,1981,m,366141,3464,0
Cuba,506,1981,m,534639,291,5
Cuba,506,1981,m,609712,289,10
Cuba,506,1981,m,589336,482,15
Cuba,506,1981,m,403787,536,20
Cuba,506,1981,m,356864,529,25
Cuba,506,1981,m,344791,532,30
Cuba,506,1981,m,309845,574,35
Cuba,506,1981,m,270245,658,40
Cuba,506,1981,m,220190,838,45
Cuba,506,1981,m,198660,1194,50
Cuba,506,1981,m,173421,1600,55
Cuba,506,1981,m,158759,2360,60
Cuba,506,1981,m,135530,3202,65
Cuba,506,1981,m,108086,3780,70
Cuba,506,1981,m,80083,3314,75
Cuba,506,1981,m,30290,2606,80
Cuba,506,1981,m,24494,4202,85
Cuba,506,1981,m,,,110
Cuba,506,1990,f,436841,1017,0
Cuba,506,1990,f,380197,111,5
Cuba,506,1990,f,380375,122,10
Cuba,506,1990,f,535595,369,15
Cuba,506,1990,f,564467,492,20
Cuba,506,1990,f,551609,467,25
Cuba,506,1990,f,372765,453,30
Cuba,506,1990,f,361171,532,35
Cuba,506,1990,f,292120,732,40
Cuba,506,1990,f,268214,975,45
Cuba,506,1990,f,242360,1304,50
Cuba,506,1990,f,202028,1538,55
Cuba,506,1990,f,176078,2083,60
Cuba,506,1990,f,150754,2602,65
Cuba,506,1990,f,127091,3501,70
Cuba,506,1990,f,104386,4498,75
Cuba,506,1990,f,68556,4742,80
Cuba,506,1990,f,44959,6154,85
Cuba,506,1990,f,,,110
Cuba,506,1990,m,460908,1446,0
Cuba,506,1990,m,399126,135,5
Cuba,506,1990,m,399184,189,10
Cuba,506,1990,m,558375,595,15
Cuba,506,1990,m,584664,926,20
Cuba,506,1990,m,567609,937,25
Cuba,506,1990,m,380146,778,30
Cuba,506,1990,m,365630,841,35
Cuba,506,1990,m,300389,993,40
Cuba,506,1990,m,274305,1357,45
Cuba,506,1990,m,243944,1716,50
Cuba,506,1990,m,198767,2020,55
Cuba,506,1990,m,167836,2852,60
Cuba,506,1990,m,139098,3580,65
Cuba,506,1990,m,115078,4627,70
Cuba,506,1990,m,89730,5497,75
Cuba,506,1990,m,58070,5540,80
Cuba,506,1990,m,38693,6384,85
Cuba,506,1990,m,,,110
Cuba,506,2000,f,356279,525,0
Cuba,506,2000,f,390429,86,5
Cuba,506,2000,f,428369,93,10
Cuba,506,2000,f,369506,147,15
Cuba,506,2000,f,363839,213,20
Cuba,506,2000,f,514767,336,25
Cuba,506,2000,f,543797,480,30
Cuba,506,2000,f,532234,621,35
Cuba,506,2000,f,355684,692,40
Cuba,506,2000,f,344379,964,45
Cuba,506,2000,f,275841,1370,50
Cuba,506,2000,f,251707,1768,55
Cuba,506,2000,f,224392,2234,60
Cuba,506,2000,f,180164,2782,65
Cuba,506,2000,f,147191,3559,70
Cuba,506,2000,f,113830,4389,75
Cuba,506,2000,f,79714,5056,80
Cuba,506,2000,f,71135,9087,85
Cuba,506,2000,f,,,110
Cuba,506,2000,m,374423,782,0
Cuba,506,2000,m,410760,123,5
Cuba,506,2000,m,450834,168,10
Cuba,506,2000,m,384811,255,15
Cuba,506,2000,m,377832,425,20
Cuba,506,2000,m,532760,653,25
Cuba,506,2000,m,559335,872,30
Cuba,506,2000,m,543662,1018,35
Cuba,506,2000,m,360025,1022,40
Cuba,506,2000,m,344958,1456,45
Cuba,506,2000,m,279432,2069,50
Cuba,506,2000,m,251184,2611,55
Cuba,506,2000,m,218220,3124,60
Cuba,506,2000,m,169086,3666,65
Cuba,506,2000,m,130732,4881,70
Cuba,506,2000,m,94644,5324,75
Cuba,506,2000,m,62326,5622,80
Cuba,506,2000,m,50647,7971,85
Cuba,506,2000,m,,,110
Cuba,506,2010,f,276486,582,0
Cuba,506,2010,f,324982,114,5
Cuba,506,2010,f,346772,134,10
Cuba,506,2010,f,376661,170,15
Cuba,506,2010,f,405641,288,20
Cuba,506,2010,f,342676,322,25
Cuba,506,2010,f,338542,388,30
Cuba,506,2010,f,491463,788,35
Cuba,506,2010,f,521761,1436,40
Cuba,506,2010,f,511214,2438,45
Cuba,506,2010,f,337265,2548,50
Cuba,506,2010,f,325528,3878,55
Cuba,506,2010,f,257539,5482,60
Cuba,506,2010,f,227765,7130,65
Cuba,506,2010,f,192130,8824,70
Cuba,506,2010,f,141096,10500,75
Cuba,506,2010,f,99879,12392,80
Cuba,506,2010,f,100072,21094,85
Cuba,506,2010,f,,,110
Cuba,506,2010,m,293397,884,0
Cuba,506,2010,m,345400,140,5
Cuba,506,2010,m,365784,190,10
Cuba,506,2010,m,396749,362,15
Cuba,506,2010,m,428181,612,20
Cuba,506,2010,m,359913,664,25
Cuba,506,2010,m,354747,860,30
Cuba,506,2010,m,510076,1408,35
Cuba,506,2010,m,537136,2332,40
Cuba,506,2010,m,520232,3512,45
Cuba,506,2010,m,338742,4152,50
Cuba,506,2010,m,319862,5664,55
Cuba,506,2010,m,252937,7936,60
Cuba,506,2010,m,217839,9936,65
Cuba,506,2010,m,175649,11882,70
Cuba,506,2010,m,120922,12428,75
Cuba,506,2010,m,77792,13288,80
Cuba,506,2010,m,65420,18226,85
Cuba,506,2010,m,,,110
Dominican Republic,507,1960,f,276670,6002,0
Dominican Republic,507,1960,f,240700,410,5
Dominican Republic,507,1960,f,190390,182,10
Dominican Republic,507,1960,f,152880,247,15
Dominican Republic,507,1960,f,135280,301,20
Dominican Republic,507,1960,f,109230,303,25
Dominican Republic,507,1960,f,92640,283,30
Dominican Republic,507,1960,f,73680,260,35
Dominican Republic,507,1960,f,58070,277,40
Dominican Republic,507,1960,f,44750,219,45
Dominican Republic,507,1960,f,41940,274,50
Dominican Republic,507,1960,f,21920,175,55
Dominican Republic,507,1960,f,28620,290,60
Dominican Republic,507,1960,f,12400,189,65
Dominican Republic,507,1960,f,12900,327,70
Dominican Republic,507,1960,f,19180,1267,75
Dominican Republic,507,1960,f,0,0,80
Dominican Republic,507,1960,f,0,0,85
Dominican Republic,507,1960,f,,,110
Dominican Republic,507,1960,m,283060,7114,0
Dominican Republic,507,1960,m,246630,430,5
Dominican Republic,507,1960,m,203450,230,10
Dominican Republic,507,1960,m,133160,189,15
Dominican Republic,507,1960,m,121410,281,20
Dominican Republic,507,1960,m,103990,282,25
Dominican Republic,507,1960,m,94730,272,30
Dominican Republic,507,1960,m,77500,255,35
Dominican Republic,507,1960,m,65870,322,40
Dominican Republic,507,1960,m,51660,293,45
Dominican Republic,507,1960,m,47100,362,50
Dominican Republic,507,1960,m,28920,302,55
Dominican Republic,507,1960,m,32390,405,60
Dominican Republic,507,1960,m,14250,296,65
Dominican Republic,507,1960,m,14060,354,70
Dominican Republic,507,1960,m,17640,981,75
Dominican Republic,507,1960,m,0,0,80
Dominican Republic,507,1960,m,0,0,85
Dominican Republic,507,1960,m,,,110
Dominican Republic,507,1970,f,336050,6334,0
Dominican Republic,507,1970,f,327023,396,5
Dominican Republic,507,1970,f,285516,158,10
Dominican Republic,507,1970,f,233589,207,15
Dominican Republic,507,1970,f,172139,231,20
Dominican Republic,507,1970,f,127215,235,25
Dominican Republic,507,1970,f,106070,251,30
Dominican Republic,507,1970,f,104765,267,35
Dominican Republic,507,1970,f,81297,252,40
Dominican Republic,507,1970,f,57991,219,45
Dominican Republic,507,1970,f,51368,283,50
Dominican Republic,507,1970,f,29861,199,55
Dominican Republic,507,1970,f,34050,375,60
Dominican Republic,507,1970,f,18101,271,65
Dominican Republic,507,1970,f,18889,397,70
Dominican Republic,507,1970,f,24870,1488,75
Dominican Republic,507,1970,f,0,0,80
Dominican Republic,507,1970,f,0,0,85
Dominican Republic,507,1970,f,,,110
Dominican Republic,507,1970,m,343296,7410,0
Dominican Republic,507,1970,m,330644,436,5
Dominican Republic,507,1970,m,286289,212,10
Dominican Republic,507,1970,m,210537,204,15
Dominican Republic,507,1970,m,156923,267,20
Dominican Republic,507,1970,m,116822,252,25
Dominican Republic,507,1970,m,104141,253,30
Dominican Republic,507,1970,m,102489,270,35
Dominican Republic,507,1970,m,91178,270,40
Dominican Republic,507,1970,m,63084,270,45
Dominican Republic,507,1970,m,58133,356,50
Dominican Republic,507,1970,m,35669,310,55
Dominican Republic,507,1970,m,38924,535,60
Dominican Republic,507,1970,m,20046,412,65
Dominican Republic,507,1970,m,20450,523,70
Dominican Republic,507,1970,m,22199,1356,75
Dominican Republic,507,1970,m,0,0,80
Dominican Republic,507,1970,m,0,0,85
Dominican Republic,507,1970,m,,,110
Dominican Republic,507,1981,f,377720,4317,0
Dominican Republic,507,1981,f,364261,983,5
Dominican Republic,507,1981,f,361808,215,10
Dominican Republic,507,1981,f,352388,241,15
Dominican Republic,507,1981,f,279229,291,20
Dominican Republic,507,1981,f,217447,269,25
Dominican Republic,507,1981,f,169327,259,30
Dominican Republic,507,1981,f,137379,300,35
Dominican Republic,507,1981,f,112191,337,40
Dominican Republic,507,1981,f,93483,347,45
Dominican Republic,507,1981,f,84936,410,50
Dominican Republic,507,1981,f,53674,362,55
Dominican Republic,507,1981,f,48217,528,60
Dominican Republic,507,1981,f,33752,485,65
Dominican Republic,507,1981,f,26385,691,70
Dominican Republic,507,1981,f,15210,528,75
Dominican Republic,507,1981,f,12940,622,80
Dominican Republic,507,1981,f,11510,1271,85
Dominican Republic,507,1981,f,,,110
Dominican Republic,507,1981,m,394101,5116,0
Dominican Republic,507,1981,m,375487,1161,5
Dominican Republic,507,1981,m,367442,266,10
Dominican Republic,507,1981,m,336943,298,15
Dominican Republic,507,1981,m,270387,382,20
Dominican Republic,507,1981,m,210348,359,25
Dominican Republic,507,1981,m,170580,327,30
Dominican Republic,507,1981,m,136508,321,35
Dominican Republic,507,1981,m,118124,384,40
Dominican Republic,507,1981,m,97254,408,45
Dominican Republic,507,1981,m,94862,554,50
Dominican Republic,507,1981,m,61361,513,55
Dominican Republic,507,1981,m,55839,775,60
Dominican Republic,507,1981,m,38679,741,65
Dominican Republic,507,1981,m,29424,972,70
Dominican Republic,507,1981,m,16053,713,75
Dominican Republic,507,1981,m,11886,697,80
Dominican Republic,507,1981,m,8606,1023,85
Dominican Republic,507,1981,m,,,110
Dominican Republic,507,1993,f,467974,1921,0
Dominican Republic,507,1993,f,414333,111,5
Dominican Republic,507,1993,f,423375,118,10
Dominican Republic,507,1993,f,404780,181,15
Dominican Republic,507,1993,f,406111,227,20
Dominican Republic,507,1993,f,339857,206,25
Dominican Republic,507,1993,f,284206,285,30
Dominican Republic,507,1993,f,221877,255,35
Dominican Republic,507,1993,f,178955,280,40
Dominican Republic,507,1993,f,134722,285,45
Dominican Republic,507,1993,f,119256,401,50
Dominican Republic,507,1993,f,86606,415,55
Dominican Republic,507,1993,f,87450,613,60
Dominican Republic,507,1993,f,56060,504,65
Dominican Republic,507,1993,f,45910,702,70
Dominican Republic,507,1993,f,25817,516,75
Dominican Republic,507,1993,f,21797,746,80
Dominican Republic,507,1993,f,23507,1384,85
Dominican Republic,507,1993,f,,,110
Dominican Republic,507,1993,m,478872,2278,0
Dominican Republic,507,1993,m,423738,166,5
Dominican Republic,507,1993,m,414916,142,10
Dominican Republic,507,1993,m,373287,265,15
Dominican Republic,507,1993,m,365523,465,20
Dominican Republic,507,1993,m,307987,499,25
Dominican Republic,507,1993,m,257610,513,30
Dominican Republic,507,1993,m,199222,423,35
Dominican Republic,507,1993,m,167005,467,40
Dominican Republic,507,1993,m,126370,418,45
Dominican Republic,507,1993,m,113100,524,50
Dominican Republic,507,1993,m,82439,588,55
Dominican Republic,507,1993,m,83768,917,60
Dominican Republic,507,1993,m,52803,769,65
Dominican Republic,507,1993,m,42262,983,70
Dominican Republic,507,1993,m,23480,736,75
Dominican Republic,507,1993,m,18069,835,80
Dominican Republic,507,1993,m,20346,1049,85
Dominican Republic,507,1993,m,,,110
Mexico,508,1940,f,1416698,106325,0
Mexico,508,1940,f,1387727,10925,5
Mexico,508,1940,f,1156165,4484,10
Mexico,508,1940,f,1027008,5991,15
Mexico,508,1940,f,807988,7067,20
Mexico,508,1940,f,839613,7782,25
Mexico,508,1940,f,684527,7066,30
Mexico,508,1940,f,701101,8210,35
Mexico,508,1940,f,487643,6585,40
Mexico,508,1940,f,395316,6190,45
Mexico,508,1940,f,316841,6024,50
Mexico,508,1940,f,219606,5253,55
Mexico,508,1940,f,214797,8393,60
Mexico,508,1940,f,115341,6082,65
Mexico,508,1940,f,84099,7134,70
Mexico,508,1940,f,44810,4906,75
Mexico,508,1940,f,33492,5663,80
Mexico,508,1940,f,0,0,85
Mexico,508,1940,f,,,110
Mexico,508,1940,m,1448887,115881,0
Mexico,508,1940,m,1441478,11422,5
Mexico,508,1940,m,1247151,5242,10
Mexico,508,1940,m,969773,5987,15
Mexico,508,1940,m,739705,6869,20
Mexico,508,1940,m,752417,8204,25
Mexico,508,1940,m,634278,8069,30
Mexico,508,1940,m,670848,9908,35
Mexico,508,1940,m,449977,7833,40
Mexico,508,1940,m,362764,7452,45
Mexico,508,1940,m,284410,6951,50
Mexico,508,1940,m,205588,6249,55
Mexico,508,1940,m,204809,8568,60
Mexico,508,1940,m,111220,6333,65
Mexico,508,1940,m,78975,6682,70
Mexico,508,1940,m,43918,4673,75
Mexico,508,1940,m,29071,4415,80
Mexico,508,1940,m,0,0,85
Mexico,508,1940,m,,,110
Mexico,508,1950,f,1974053,95305,0
Mexico,508,1950,f,1813074,8055,5
Mexico,508,1950,f,1513123,3412,10
Mexico,508,1950,f,1386341,4428,15
Mexico,508,1950,f,1235035,5549,20
Mexico,508,1950,f,1040108,5607,25
Mexico,508,1950,f,734346,4657,30
Mexico,508,1950,f,800003,6192,35
Mexico,508,1950,f,623728,5203,40
Mexico,508,1950,f,539929,5745,45
Mexico,508,1950,f,423713,5558,50
Mexico,508,1950,f,267258,4841,55
Mexico,508,1950,f,289455,7646,60
Mexico,508,1950,f,169786,6972,65
Mexico,508,1950,f,127468,7642,70
Mexico,508,1950,f,66113,5838,75
Mexico,508,1950,f,51602,6275,80
Mexico,508,1950,f,46383,10130,85
Mexico,508,1950,f,,,110
Mexico,508,1950,m,2003224,105503,0
Mexico,508,1950,m,1868258,8412,5
Mexico,508,1950,m,1602457,3990,10
Mexico,508,1950,m,1250706,5153,15
Mexico,508,1950,m,1068549,6282,20
Mexico,508,1950,m,983216,6757,25
Mexico,508,1950,m,700457,5672,30
Mexico,508,1950,m,749613,7843,35
Mexico,508,1950,m,588170,6761,40
Mexico,508,1950,m,535592,8037,45
Mexico,508,1950,m,405937,7145,50
Mexico,508,1950,m,261825,6233,55
Mexico,508,1950,m,265638,8394,60
Mexico,508,1950,m,165026,7335,65
Mexico,508,1950,m,113764,7494,70
Mexico,508,1950,m,62853,5634,75
Mexico,508,1950,m,41134,4902,80
Mexico,508,1950,m,32541,6983,85
Mexico,508,1950,m,,,110
Mexico,508,1960,f,2848312,87454,0
Mexico,508,1960,f,2618444,6738,5
Mexico,508,1960,f,2129766,2850,10
Mexico,508,1960,f,1801463,3434,15
Mexico,508,1960,f,1546521,4661,20
Mexico,508,1960,f,1312568,4717,25
Mexico,508,1960,f,1045449,4402,30
Mexico,508,1960,f,964232,5237,35
Mexico,508,1960,f,688940,4255,40
Mexico,508,1960,f,624871,4956,45
Mexico,508,1960,f,537532,5382,50
Mexico,508,1960,f,395802,5971,55
Mexico,508,1960,f,373764,7863,60
Mexico,508,1960,f,211300,6890,65
Mexico,508,1960,f,172565,8484,70
Mexico,508,1960,f,96891,7057,75
Mexico,508,1960,f,70688,7203,80
Mexico,508,1960,f,28560,12318,85
Mexico,508,1960,f,,,110
Mexico,508,1960,m,2947331,99018,0
Mexico,508,1960,m,2715995,7215,5
Mexico,508,1960,m,2242824,3568,10
Mexico,508,1960,m,1745311,4257,15
Mexico,508,1960,m,1410105,5436,20
Mexico,508,1960,m,1200445,5835,25
Mexico,508,1960,m,1012866,5701,30
Mexico,508,1960,m,962715,6944,35
Mexico,508,1960,m,676820,5683,40
Mexico,508,1960,m,612757,6770,45
Mexico,508,1960,m,529293,7045,50
Mexico,508,1960,m,406712,7767,55
Mexico,508,1960,m,373375,8975,60
Mexico,508,1960,m,204212,7607,65
Mexico,508,1960,m,161889,8637,70
Mexico,508,1960,m,91493,7001,75
Mexico,508,1960,m,58063,6005,80
Mexico,508,1960,m,22631,8685,85
Mexico,508,1960,m,,,110
Mexico,508,1970,f,4015993,100428,0
Mexico,508,1970,f,3788267,7513,5
Mexico,508,1970,f,3125059,3269,10
Mexico,508,1970,f,2563344,3551,15
Mexico,508,1970,f,2102041,4531,20
Mexico,508,1970,f,1685004,4641,25
Mexico,508,1970,f,1310802,4571,30
Mexico,508,1970,f,1276364,5782,35
Mexico,508,1970,f,973863,5196,40
Mexico,508,1970,f,807299,5701,45
Mexico,508,1970,f,602255,5490,50
Mexico,508,1970,f,510330,6784,55
Mexico,508,1970,f,466784,9284,60
Mexico,508,1970,f,357184,10816,65
Mexico,508,1970,f,246245,11542,70
Mexico,508,1970,f,133077,9040,75
Mexico,508,1970,f,100196,9428,80
Mexico,508,1970,f,57408,17252,85
Mexico,508,1970,f,,,110
Mexico,508,1970,m,4151517,116143,0
Mexico,508,1970,m,3934729,8325,5
Mexico,508,1970,m,3271115,4182,10
Mexico,508,1970,m,2491047,5146,15
Mexico,508,1970,m,1930300,6571,20
Mexico,508,1970,m,1575414,6284,25
Mexico,508,1970,m,1285461,6350,30
Mexico,508,1970,m,1235283,8127,35
Mexico,508,1970,m,959477,7638,40
Mexico,508,1970,m,829719,8465,45
Mexico,508,1970,m,589788,7914,50
Mexico,508,1970,m,501529,9365,55
Mexico,508,1970,m,451069,11317,60
Mexico,508,1970,m,345379,12597,65
Mexico,508,1970,m,242008,13035,70
Mexico,508,1970,m,119571,9049,75
Mexico,508,1970,m,80738,8005,80
Mexico,508,1970,m,46422,12279,85
Mexico,508,1970,m,,,110
Mexico,508,1980,f,4663218,55026,0
Mexico,508,1980,f,5126270,3904,5
Mexico,508,1980,f,4533151,2556,10
Mexico,508,1980,f,3901448,3403,15
Mexico,508,1980,f,3191841,3938,20
Mexico,508,1980,f,2486724,3776,25
Mexico,508,1980,f,1958252,3787,30
Mexico,508,1980,f,1747556,4623,35
Mexico,508,1980,f,1389623,4896,40
Mexico,508,1980,f,1184461,5618,45
Mexico,508,1980,f,953915,6485,50
Mexico,508,1980,f,735587,7337,55
Mexico,508,1980,f,574993,8306,60
Mexico,508,1980,f,459767,10468,65
Mexico,508,1980,f,366973,12339,70
Mexico,508,1980,f,252408,13464,75
Mexico,508,1980,f,157340,11968,80
Mexico,508,1980,f,97346,20311,85
Mexico,508,1980,f,,,110
Mexico,508,1980,m,4711740,67273,0
Mexico,508,1980,m,5187486,5272,5
Mexico,508,1980,m,4587554,4089,10
Mexico,508,1980,m,3777292,7454,15
Mexico,508,1980,m,2980542,10531,20
Mexico,508,1980,m,2331606,9754,25
Mexico,508,1980,m,1890937,8769,30
Mexico,508,1980,m,1669259,9549,35
Mexico,508,1980,m,1363534,9383,40
Mexico,508,1980,m,1137883,10319,45
Mexico,508,1980,m,915454,10521,50
Mexico,508,1980,m,734565,11677,55
Mexico,508,1980,m,543387,11171,60
Mexico,508,1980,m,418473,13132,65
Mexico,508,1980,m,339956,14328,70
Mexico,508,1980,m,229304,14571,75
Mexico,508,1980,m,132867,11167,80
Mexico,508,1980,m,74357,13898,85
Mexico,508,1980,m,,,110
Mexico,508,1990,f,5066071,38060,0
Mexico,508,1990,f,5256003,2875,5
Mexico,508,1990,f,5190086,2145,10
Mexico,508,1990,f,4934605,2899,15
Mexico,508,1990,f,4116137,3118,20
Mexico,508,1990,f,3374496,3194,25
Mexico,508,1990,f,2826118,3364,30
Mexico,508,1990,f,2383084,4186,35
Mexico,508,1990,f,1803757,4496,40
Mexico,508,1990,f,1528609,5538,45
Mexico,508,1990,f,1239475,6721,50
Mexico,508,1990,f,981606,8706,55
Mexico,508,1990,f,846563,10572,60
Mexico,508,1990,f,619790,12421,65
Mexico,508,1990,f,435653,12685,70
Mexico,508,1990,f,314922,15334,75
Mexico,508,1990,f,223374,16163,80
Mexico,508,1990,f,175388,29694,85
Mexico,508,1990,f,,,110
Mexico,508,1990,m,5191240,47575,0
Mexico,508,1990,m,5370602,3610,5
Mexico,508,1990,m,5262324,3272,10
Mexico,508,1990,m,4788708,6688,15
Mexico,508,1990,m,3760758,8584,20
Mexico,508,1990,m,3069063,8829,25
Mexico,508,1990,m,2594347,8526,30
Mexico,508,1990,m,2223947,9010,35
Mexico,508,1990,m,1715335,8786,40
Mexico,508,1990,m,1461367,10216,45
Mexico,508,1990,m,1168909,10754,50
Mexico,508,1990,m,924427,12733,55
Mexico,508,1990,m,774578,13852,60
Mexico,508,1990,m,571077,15463,65
Mexico,508,1990,m,396416,14816,70
Mexico,508,1990,m,279517,16861,75
Mexico,508,1990,m,180909,15404,80
Mexico,508,1990,m,122876,22822,85
Mexico,508,1990,m,,,110
Mexico,508,2000,f,5343102,20005,0
Mexico,508,2000,f,5653203,1432,5
Mexico,508,2000,f,5411403,1466,10
Mexico,508,2000,f,5188578,2282,15
Mexico,508,2000,f,4867051,2606,20
Mexico,508,2000,f,4385940,2911,25
Mexico,508,2000,f,3831510,3271,30
Mexico,508,2000,f,3398703,4107,35
Mexico,508,2000,f,2756423,5109,40
Mexico,508,2000,f,2159060,6603,45
Mexico,508,2000,f,1770114,8493,50
Mexico,508,2000,f,1352820,10653,55
Mexico,508,2000,f,1176804,13747,60
Mexico,508,2000,f,899511,16467,65
Mexico,508,2000,f,670273,18506,70
Mexico,508,2000,f,463551,19424,75
Mexico,508,2000,f,272110,17847,80
Mexico,508,2000,f,261515,37567,85
Mexico,508,2000,f,,,110
Mexico,508,2000,m,5521224,25519,0
Mexico,508,2000,m,5803765,2025,5
Mexico,508,2000,m,5556419,2252,10
Mexico,508,2000,m,5018650,5106,15
Mexico,508,2000,m,4399147,7388,20
Mexico,508,2000,m,3947213,8380,25
Mexico,508,2000,m,3458472,8737,30
Mexico,508,2000,m,3090451,9848,35
Mexico,508,2000,m,2550159,10387,40
Mexico,508,2000,m,2000629,11455,45
Mexico,508,2000,m,1660089,12574,50
Mexico,508,2000,m,1261470,14839,55
Mexico,508,2000,m,1068614,17100,60
Mexico,508,2000,m,796976,19510,65
Mexico,508,2000,m,602185,20865,70
Mexico,508,2000,m,420326,21513,75
Mexico,508,2000,m,222155,17043,80
Mexico,508,2000,m,165786,28336,85
Mexico,508,2000,m,,,110
Mexico,508,2010,f,5427013,15213,0
Mexico,508,2010,f,5484493,1276,5
Mexico,508,2010,f,5288058,1482,10
Mexico,508,2010,f,5449544,2801,15
Mexico,508,2010,f,5027537,3015,20
Mexico,508,2010,f,4606357,3168,25
Mexico,508,2010,f,4480058,3723,30
Mexico,508,2010,f,4386202,4838,35
Mexico,508,2010,f,3743184,6202,40
Mexico,508,2010,f,3198411,8867,45
Mexico,508,2010,f,2710798,11685,50
Mexico,508,2010,f,2208845,14799,55
Mexico,508,2010,f,1551283,18371,60
Mexico,508,2010,f,1263835,21237,65
Mexico,508,2010,f,963516,25484,70
Mexico,508,2010,f,783685,29218,75
Mexico,508,2010,f,516705,30709,80
Mexico,508,2010,f,395542,54316,85
Mexico,508,2010,f,,,110
Mexico,508,2010,m,5667841,19223,0
Mexico,508,2010,m,5692769,1603,5
Mexico,508,2010,m,5447020,2126,10
Mexico,508,2010,m,5484807,7100,15
Mexico,508,2010,m,4811229,10197,20
Mexico,508,2010,m,4361636,11229,25
Mexico,508,2010,m,4290642,12228,30
Mexico,508,2010,m,4248285,13446,35
Mexico,508,2010,m,3546692,13723,40
Mexico,508,2010,m,3028919,15704,45
Mexico,508,2010,m,2543345,18385,50
Mexico,508,2010,m,2061799,20786,55
Mexico,508,2010,m,1475292,23443,60
Mexico,508,2010,m,1189411,26005,65
Mexico,508,2010,m,872204,29572,70
Mexico,508,2010,m,611108,31559,75
Mexico,508,2010,m,361101,29250,80
Mexico,508,2010,m,236440,42619,85
Mexico,508,2010,m,,,110
Uruguai,509,1963,f,131181,1309,0
Uruguai,509,1963,f,120149,50,5
Uruguai,509,1963,f,111509,37,10
Uruguai,509,1963,f,106207,61,15
Uruguai,509,1963,f,100293,95,20
Uruguai,509,1963,f,100067,96,25
Uruguai,509,1963,f,99979,160,30
Uruguai,509,1963,f,94132,179,35
Uruguai,509,1963,f,81467,236,40
Uruguai,509,1963,f,74244,284,45
Uruguai,509,1963,f,70321,435,50
Uruguai,509,1963,f,58515,503,55
Uruguai,509,1963,f,50706,737,60
Uruguai,509,1963,f,41476,922,65
Uruguai,509,1963,f,32427,1145,70
Uruguai,509,1963,f,23221,1210,75
Uruguai,509,1963,f,14231,1151,80
Uruguai,509,1963,f,9715,1542,85
Uruguai,509,1963,f,,,110
Uruguai,509,1963,m,136382,1756,0
Uruguai,509,1963,m,124755,61,5
Uruguai,509,1963,m,114524,62,10
Uruguai,509,1963,m,106916,119,15
Uruguai,509,1963,m,100844,154,20
Uruguai,509,1963,m,100147,154,25
Uruguai,509,1963,m,99780,202,30
Uruguai,509,1963,m,94489,281,35
Uruguai,509,1963,m,83264,397,40
Uruguai,509,1963,m,75747,510,45
Uruguai,509,1963,m,71359,824,50
Uruguai,509,1963,m,60629,1066,55
Uruguai,509,1963,m,50158,1444,60
Uruguai,509,1963,m,37648,1499,65
Uruguai,509,1963,m,26823,1447,70
Uruguai,509,1963,m,17483,1362,75
Uruguai,509,1963,m,9559,978,80
Uruguai,509,1963,m,5445,937,85
Uruguai,509,1963,m,,,110
Uruguai,509,1975,f,135077,1423,0
Uruguai,509,1975,f,122349,43,5
Uruguai,509,1975,f,126584,49,10
Uruguai,509,1975,f,116553,66,15
Uruguai,509,1975,f,100868,69,20
Uruguai,509,1975,f,95530,88,25
Uruguai,509,1975,f,90033,92,30
Uruguai,509,1975,f,89340,150,35
Uruguai,509,1975,f,92339,225,40
Uruguai,509,1975,f,90807,289,45
Uruguai,509,1975,f,80482,429,50
Uruguai,509,1975,f,67831,582,55
Uruguai,509,1975,f,66610,805,60
Uruguai,509,1975,f,52203,1039,65
Uruguai,509,1975,f,41672,1388,70
Uruguai,509,1975,f,29605,1584,75
Uruguai,509,1975,f,18122,1583,80
Uruguai,509,1975,f,12621,2235,85
Uruguai,509,1975,f,,,110
Uruguai,509,1975,m,140458,1782,0
Uruguai,509,1975,m,127239,64,5
Uruguai,509,1975,m,131557,64,10
Uruguai,509,1975,m,120328,128,15
Uruguai,509,1975,m,103439,151,20
Uruguai,509,1975,m,94539,155,25
Uruguai,509,1975,m,89467,163,30
Uruguai,509,1975,m,89807,222,35
Uruguai,509,1975,m,91208,377,40
Uruguai,509,1975,m,88684,597,45
Uruguai,509,1975,m,78881,863,50
Uruguai,509,1975,m,65670,1126,55
Uruguai,509,1975,m,60674,1548,60
Uruguai,509,1975,m,46934,1799,65
Uruguai,509,1975,m,34534,1977,70
Uruguai,509,1975,m,21334,1750,75
Uruguai,509,1975,m,10934,1276,80
Uruguai,509,1975,m,6098,1168,85
Uruguai,509,1975,m,,,110
Uruguai,509,1985,f,128893,753,0
Uruguai,509,1985,f,137511,27,5
Uruguai,509,1985,f,128941,39,10
Uruguai,509,1985,f,116113,44,15
Uruguai,509,1985,f,116592,48,20
Uruguai,509,1985,f,111038,68,25
Uruguai,509,1985,f,98958,93,30
Uruguai,509,1985,f,93576,124,35
Uruguai,509,1985,f,87773,196,40
Uruguai,509,1985,f,85607,246,45
Uruguai,509,1985,f,87817,433,50
Uruguai,509,1985,f,85304,568,55
Uruguai,509,1985,f,73769,766,60
Uruguai,509,1985,f,59919,996,65
Uruguai,509,1985,f,54486,1517,70
Uruguai,509,1985,f,37271,1905,75
Uruguai,509,1985,f,23571,2046,80
Uruguai,509,1985,f,15974,2931,85
Uruguai,509,1985,f,,,110
Uruguai,509,1985,m,134381,1004,0
Uruguai,509,1985,m,142844,54,5
Uruguai,509,1985,m,134880,84,10
Uruguai,509,1985,m,118403,87,15
Uruguai,509,1985,m,115288,138,20
Uruguai,509,1985,m,106860,118,25
Uruguai,509,1985,m,96621,148,30
Uruguai,509,1985,m,88942,180,35
Uruguai,509,1985,m,83978,312,40
Uruguai,509,1985,m,79762,428,45
Uruguai,509,1985,m,83631,885,50
Uruguai,509,1985,m,78238,1174,55
Uruguai,509,1985,m,65717,1477,60
Uruguai,509,1985,m,50223,1776,65
Uruguai,509,1985,m,41100,2126,70
Uruguai,509,1985,m,26198,2134,75
Uruguai,509,1985,m,14174,1837,80
Uruguai,509,1985,m,7593,1631,85
Uruguai,509,1985,m,,,110
Uruguai,509,1996,f,136946,479,0
Uruguai,509,1996,f,132308,32,5
Uruguai,509,1996,f,126067,39,10
Uruguai,509,1996,f,133975,67,15
Uruguai,509,1996,f,128226,51,20
Uruguai,509,1996,f,114320,72,25
Uruguai,509,1996,f,113126,77,30
Uruguai,509,1996,f,109641,118,35
Uruguai,509,1996,f,98170,228,40
Uruguai,509,1996,f,91399,259,45
Uruguai,509,1996,f,84805,378,50
Uruguai,509,1996,f,80645,487,55
Uruguai,509,1996,f,80586,770,60
Uruguai,509,1996,f,76536,1200,65
Uruguai,509,1996,f,63174,1492,70
Uruguai,509,1996,f,45618,1858,75
Uruguai,509,1996,f,33396,2430,80
Uruguai,509,1996,f,25139,4003,85
Uruguai,509,1996,f,,,110
Uruguai,509,1996,m,143062,716,0
Uruguai,509,1996,m,138094,37,5
Uruguai,509,1996,m,131318,52,10
Uruguai,509,1996,m,138740,146,15
Uruguai,509,1996,m,132688,211,20
Uruguai,509,1996,m,114199,167,25
Uruguai,509,1996,m,108930,182,30
Uruguai,509,1996,m,103488,241,35
Uruguai,509,1996,m,93579,304,40
Uruguai,509,1996,m,85120,465,45
Uruguai,509,1996,m,78114,730,50
Uruguai,509,1996,m,70660,1068,55
Uruguai,509,1996,m,69311,1581,60
Uruguai,509,1996,m,61030,2062,65
Uruguai,509,1996,m,45994,2361,70
Uruguai,509,1996,m,29178,2285,75
Uruguai,509,1996,m,17716,2078,80
Uruguai,509,1996,m,10505,2229,85
Uruguai,509,1996,m,,,110
Uruguai,509,2006,f,123825,613,0
Uruguai,509,2006,f,128110,56,5
Uruguai,509,2006,f,132235,51,10
Uruguai,509,2006,f,126974,104,15
Uruguai,509,2006,f,118122,114,20
Uruguai,509,2006,f,122837,158,25
Uruguai,509,2006,f,118235,191,30
Uruguai,509,2006,f,107319,228,35
Uruguai,509,2006,f,108027,381,40
Uruguai,509,2006,f,104896,512,45
Uruguai,509,2006,f,93413,757,50
Uruguai,509,2006,f,85911,1052,55
Uruguai,509,2006,f,78102,1359,60
Uruguai,509,2006,f,72086,1919,65
Uruguai,509,2006,f,68529,2891,70
Uruguai,509,2006,f,59210,4465,75
Uruguai,509,2006,f,41054,5478,80
Uruguai,509,2006,f,35493,11018,85
Uruguai,509,2006,f,,,110
Uruguai,509,2006,m,129319,790,0
Uruguai,509,2006,m,133458,74,5
Uruguai,509,2006,m,137440,92,10
Uruguai,509,2006,m,131735,243,15
Uruguai,509,2006,m,121292,321,20
Uruguai,509,2006,m,124380,349,25
Uruguai,509,2006,m,118406,372,30
Uruguai,509,2006,m,103275,415,35
Uruguai,509,2006,m,102048,552,40
Uruguai,509,2006,m,97697,860,45
Uruguai,509,2006,m,87003,1411,50
Uruguai,509,2006,m,76785,1954,55
Uruguai,509,2006,m,66966,2720,60
Uruguai,509,2006,m,55995,3571,65
Uruguai,509,2006,m,49156,4580,70
Uruguai,509,2006,m,37319,5266,75
Uruguai,509,2006,m,21747,4800,80
Uruguai,509,2006,m,13588,5676,85
Uruguai,509,2006,m,,,110
Panama,510,1950,f,60751,1487,0
Panama,510,1950,f,52958,145,5
Panama,510,1950,f,41795,68,10
Panama,510,1950,f,36940,98,15
Panama,510,1950,f,33482,114,20
Panama,510,1950,f,29841,115,25
Panama,510,1950,f,24707,113,30
Panama,510,1950,f,22637,116,35
Panama,510,1950,f,15480,106,40
Panama,510,1950,f,13437,100,45
Panama,510,1950,f,11366,115,50
Panama,510,1950,f,7887,123,55
Panama,510,1950,f,7797,169,60
Panama,510,1950,f,4771,160,65
Panama,510,1950,f,3214,169,70
Panama,510,1950,f,1810,128,75
Panama,510,1950,f,1302,127,80
Panama,510,1950,f,1127,196,85
Panama,510,1950,f,,,110
Panama,510,1950,m,61877,1681,0
Panama,510,1950,m,53867,170,5
Panama,510,1950,m,43528,84,10
Panama,510,1950,m,35686,94,15
Panama,510,1950,m,33238,111,20
Panama,510,1950,m,30644,106,25
Panama,510,1950,m,26643,107,30
Panama,510,1950,m,24668,115,35
Panama,510,1950,m,18000,122,40
Panama,510,1950,m,14297,135,45
Panama,510,1950,m,12419,158,50
Panama,510,1950,m,8834,169,55
Panama,510,1950,m,9272,231,60
Panama,510,1950,m,5357,243,65
Panama,510,1950,m,3336,242,70
Panama,510,1950,m,1816,175,75
Panama,510,1950,m,1040,130,80
Panama,510,1950,m,806,136,85
Panama,510,1950,m,,,110
Panama,510,1960,f,90071,1487,0
Panama,510,1960,f,76598,145,5
Panama,510,1960,f,63635,68,10
Panama,510,1960,f,54431,98,15
Panama,510,1960,f,45634,114,20
Panama,510,1960,f,37818,115,25
Panama,510,1960,f,32179,113,30
Panama,510,1960,f,28724,116,35
Panama,510,1960,f,23974,106,40
Panama,510,1960,f,20618,100,45
Panama,510,1960,f,15068,115,50
Panama,510,1960,f,11999,123,55
Panama,510,1960,f,10283,169,60
Panama,510,1960,f,6737,160,65
Panama,510,1960,f,5242,169,70
Panama,510,1960,f,3149,128,75
Panama,510,1960,f,1892,127,80
Panama,510,1960,f,1715,196,85
Panama,510,1960,f,,,110
Panama,510,1960,m,91868,1681,0
Panama,510,1960,m,79251,170,5
Panama,510,1960,m,65961,84,10
Panama,510,1960,m,52804,94,15
Panama,510,1960,m,45026,111,20
Panama,510,1960,m,37792,106,25
Panama,510,1960,m,33366,107,30
Panama,510,1960,m,30063,115,35
Panama,510,1960,m,26656,122,40
Panama,510,1960,m,23073,135,45
Panama,510,1960,m,17199,158,50
Panama,510,1960,m,12502,169,55
Panama,510,1960,m,11054,231,60
Panama,510,1960,m,9037,243,65
Panama,510,1960,m,6268,242,70
Panama,510,1960,m,3996,175,75
Panama,510,1960,m,2182,130,80
Panama,510,1960,m,1633,136,85
Panama,510,1960,m,,,110
Panama,510,1970,f,114017,1665,0
Panama,510,1970,f,106944,158,5
Panama,510,1970,f,85253,68,10
Panama,510,1970,f,73381,95,15
Panama,510,1970,f,63010,105,20
Panama,510,1970,f,50924,95,25
Panama,510,1970,f,40885,97,30
Panama,510,1970,f,36115,110,35
Panama,510,1970,f,29409,109,40
Panama,510,1970,f,25360,121,45
Panama,510,1970,f,21775,140,50
Panama,510,1970,f,17632,136,55
Panama,510,1970,f,13004,199,60
Panama,510,1970,f,10061,208,65
Panama,510,1970,f,6690,223,70
Panama,510,1970,f,4587,222,75
Panama,510,1970,f,2757,210,80
Panama,510,1970,f,2553,316,85
Panama,510,1970,f,,,110
Panama,510,1970,m,117413,1916,0
Panama,510,1970,m,108517,171,5
Panama,510,1970,m,88310,89,10
Panama,510,1970,m,71846,101,15
Panama,510,1970,m,62329,110,20
Panama,510,1970,m,50775,105,25
Panama,510,1970,m,41643,104,30
Panama,510,1970,m,37280,111,35
Panama,510,1970,m,31536,123,40
Panama,510,1970,m,27970,152,45
Panama,510,1970,m,24786,189,50
Panama,510,1970,m,20184,199,55
Panama,510,1970,m,14885,259,60
Panama,510,1970,m,10336,288,65
Panama,510,1970,m,6836,312,70
Panama,510,1970,m,4671,300,75
Panama,510,1970,m,2579,233,80
Panama,510,1970,m,1877,227,85
Panama,510,1970,m,,,110
Panama,510,1980,f,116002,1176,0
Panama,510,1980,f,122476,120,5
Panama,510,1980,f,112549,66,10
Panama,510,1980,f,101912,80,15
Panama,510,1980,f,83537,81,20
Panama,510,1980,f,68863,76,25
Panama,510,1980,f,60104,84,30
Panama,510,1980,f,48697,96,35
Panama,510,1980,f,39599,98,40
Panama,510,1980,f,33088,109,45
Panama,510,1980,f,29088,136,50
Panama,510,1980,f,23260,157,55
Panama,510,1980,f,19868,214,60
Panama,510,1980,f,14780,220,65
Panama,510,1980,f,9821,270,70
Panama,510,1980,f,7062,265,75
Panama,510,1980,f,4245,248,80
Panama,510,1980,f,3930,422,85
Panama,510,1980,f,,,110
Panama,510,1980,m,120081,1397,0
Panama,510,1980,m,124420,140,5
Panama,510,1980,m,119694,86,10
Panama,510,1980,m,102841,112,15
Panama,510,1980,m,84706,134,20
Panama,510,1980,m,69369,118,25
Panama,510,1980,m,61418,106,30
Panama,510,1980,m,49289,109,35
Panama,510,1980,m,41424,120,40
Panama,510,1980,m,35106,146,45
Panama,510,1980,m,30217,191,50
Panama,510,1980,m,25012,247,55
Panama,510,1980,m,22047,320,60
Panama,510,1980,m,16421,324,65
Panama,510,1980,m,10687,351,70
Panama,510,1980,m,6747,322,75
Panama,510,1980,m,3725,273,80
Panama,510,1980,m,2711,344,85
Panama,510,1980,m,,,110
Panama,510,1990,f,135420,686,0
Panama,510,1990,f,135731,63,5
Panama,510,1990,f,125948,44,10
Panama,510,1990,f,123732,65,15
Panama,510,1990,f,114572,67,20
Panama,510,1990,f,100713,73,25
Panama,510,1990,f,82923,71,30
Panama,510,1990,f,69623,81,35
Panama,510,1990,f,57845,90,40
Panama,510,1990,f,47423,101,45
Panama,510,1990,f,38563,127,50
Panama,510,1990,f,30334,156,55
Panama,510,1990,f,26177,207,60
Panama,510,1990,f,20622,289,65
Panama,510,1990,f,16259,336,70
Panama,510,1990,f,11645,349,75
Panama,510,1990,f,6808,351,80
Panama,510,1990,f,6200,542,85
Panama,510,1990,f,,,110
Panama,510,1990,m,141452,843,0
Panama,510,1990,m,141204,85,5
Panama,510,1990,m,131808,63,10
Panama,510,1990,m,125122,125,15
Panama,510,1990,m,114612,171,20
Panama,510,1990,m,100395,146,25
Panama,510,1990,m,83359,139,30
Panama,510,1990,m,70247,135,35
Panama,510,1990,m,59414,144,40
Panama,510,1990,m,49916,162,45
Panama,510,1990,m,40306,204,50
Panama,510,1990,m,32200,242,55
Panama,510,1990,m,27877,339,60
Panama,510,1990,m,21340,430,65
Panama,510,1990,m,16850,508,70
Panama,510,1990,m,11777,476,75
Panama,510,1990,m,6232,391,80
Panama,510,1990,m,4678,444,85
Panama,510,1990,m,,,110
Panama,510,2000,f,159959,641,0
Panama,510,2000,f,145935,53,5
Panama,510,2000,f,139860,45,10
Panama,510,2000,f,132761,68,15
Panama,510,2000,f,124680,82,20
Panama,510,2000,f,120427,90,25
Panama,510,2000,f,111392,94,30
Panama,510,2000,f,99162,108,35
Panama,510,2000,f,81006,119,40
Panama,510,2000,f,66372,131,45
Panama,510,2000,f,57047,156,50
Panama,510,2000,f,44211,181,55
Panama,510,2000,f,36114,234,60
Panama,510,2000,f,27784,310,65
Panama,510,2000,f,22206,391,70
Panama,510,2000,f,16533,494,75
Panama,510,2000,f,11443,528,80
Panama,510,2000,f,9718,812,85
Panama,510,2000,f,,,110
Panama,510,2000,m,166284,773,0
Panama,510,2000,m,150816,68,5
Panama,510,2000,m,146277,61,10
Panama,510,2000,m,136203,145,15
Panama,510,2000,m,124998,234,20
Panama,510,2000,m,120827,237,25
Panama,510,2000,m,112501,244,30
Panama,510,2000,m,100113,213,35
Panama,510,2000,m,81577,207,40
Panama,510,2000,m,67804,226,45
Panama,510,2000,m,58724,250,50
Panama,510,2000,m,45645,303,55
Panama,510,2000,m,37220,377,60
Panama,510,2000,m,28149,477,65
Panama,510,2000,m,22240,597,70
Panama,510,2000,m,15641,689,75
Panama,510,2000,m,9991,638,80
Panama,510,2000,m,7555,684,85
Panama,510,2000,m,,,110
Peru,511,1972,f,236250,21446,0
Peru,511,1972,f,1002715,1395,5
Peru,511,1972,f,831198,731,10
Peru,511,1972,f,699958,940,15
Peru,511,1972,f,580089,1159,20
Peru,511,1972,f,472698,1142,25
Peru,511,1972,f,382331,1113,30
Peru,511,1972,f,374225,1291,35
Peru,511,1972,f,298545,1087,40
Peru,511,1972,f,246848,1123,45
Peru,511,1972,f,193742,1046,50
Peru,511,1972,f,151037,1122,55
Peru,511,1972,f,141599,1671,60
Peru,511,1972,f,98268,1667,65
Peru,511,1972,f,77429,1607,70
Peru,511,1972,f,43005,1995,75
Peru,511,1972,f,33691,3008,80
Peru,511,1972,f,32438,5686,85
Peru,511,1972,f,,,110
Peru,511,1972,m,239799,23946,0
Peru,511,1972,m,1024839,1564,5
Peru,511,1972,m,886384,858,10
Peru,511,1972,m,716718,1016,15
Peru,511,1972,m,573241,1198,20
Peru,511,1972,m,459068,1129,25
Peru,511,1972,m,391232,1136,30
Peru,511,1972,m,356605,1236,35
Peru,511,1972,m,307893,1278,40
Peru,511,1972,m,242280,1424,45
Peru,511,1972,m,195802,1438,50
Peru,511,1972,m,149653,1546,55
Peru,511,1972,m,133627,2122,60
Peru,511,1972,m,88987,1981,65
Peru,511,1972,m,66531,1743,70
Peru,511,1972,m,35027,1935,75
Peru,511,1972,m,24486,2203,80
Peru,511,1972,m,23874,3537,85
Peru,511,1972,m,,,110
Peru,511,1981,f,247486,21859,0
Peru,511,1981,f,1190599,1375,5
Peru,511,1981,f,1068192,751,10
Peru,511,1981,f,931761,938,15
Peru,511,1981,f,811735,1111,20
Peru,511,1981,f,653829,1053,25
Peru,511,1981,f,511143,989,30
Peru,511,1981,f,453481,1232,35
Peru,511,1981,f,366539,1128,40
Peru,511,1981,f,324078,1202,45
Peru,511,1981,f,264512,1204,50
Peru,511,1981,f,197333,1310,55
Peru,511,1981,f,170154,1697,60
Peru,511,1981,f,122715,1878,65
Peru,511,1981,f,94263,2093,70
Peru,511,1981,f,63717,2172,75
Peru,511,1981,f,45648,2176,80
Peru,511,1981,f,40958,4563,85
Peru,511,1981,f,,,110
Peru,511,1981,m,247298,24278,0
Peru,511,1981,m,1211659,1488,5
Peru,511,1981,m,1107837,904,10
Peru,511,1981,m,932930,1107,15
Peru,511,1981,m,789840,1262,20
Peru,511,1981,m,623765,1132,25
Peru,511,1981,m,509305,1056,30
Peru,511,1981,m,430495,1170,35
Peru,511,1981,m,373411,1273,40
Peru,511,1981,m,319344,1532,45
Peru,511,1981,m,267970,1586,50
Peru,511,1981,m,202193,1738,55
Peru,511,1981,m,166096,2146,60
Peru,511,1981,m,114185,2310,65
Peru,511,1981,m,86010,2436,70
Peru,511,1981,m,57308,2376,75
Peru,511,1981,m,36902,1858,80
Peru,511,1981,m,30974,2964,85
Peru,511,1981,m,,,110
Peru,511,1993,f,1349943,14174,0
Peru,511,1993,f,1362848,930,5
Peru,511,1993,f,1303379,611,10
Peru,511,1993,f,1187911,827,15
Peru,511,1993,f,1088211,991,20
Peru,511,1993,f,926069,881,25
Peru,511,1993,f,788055,923,30
Peru,511,1993,f,670878,1051,35
Peru,511,1993,f,531562,1022,40
Peru,511,1993,f,437692,1125,45
Peru,511,1993,f,359000,1228,50
Peru,511,1993,f,288163,1423,55
Peru,511,1993,f,259310,1756,60
Peru,511,1993,f,185744,1956,65
Peru,511,1993,f,138542,2133,70
Peru,511,1993,f,91969,2463,75
Peru,511,1993,f,64555,2641,80
Peru,511,1993,f,58150,5265,85
Peru,511,1993,f,,,110
Peru,511,1993,m,1389810,16070,0
Peru,511,1993,m,1399805,1031,5
Peru,511,1993,m,1349591,767,10
Peru,511,1993,m,1186260,1082,15
Peru,511,1993,m,1035917,1377,20
Peru,511,1993,m,871903,1253,25
Peru,511,1993,m,760900,1107,30
Peru,511,1993,m,622891,1178,35
Peru,511,1993,m,525469,1224,40
Peru,511,1993,m,424731,1460,45
Peru,511,1993,m,358182,1659,50
Peru,511,1993,m,285499,1932,55
Peru,511,1993,m,258258,2316,60
Peru,511,1993,m,177556,2476,65
Peru,511,1993,m,132502,2651,70
Peru,511,1993,m,83502,2862,75
Peru,511,1993,m,52143,2555,80
Peru,511,1993,m,41456,3555,85
Peru,511,1993,m,,,110
Peru,511,2007,f,1439022,6352,0
Peru,511,2007,f,1435008,642,5
Peru,511,2007,f,1438469,670,10
Peru,511,2007,f,1392550,1188,15
Peru,511,2007,f,1285440,1362,20
Peru,511,2007,f,1198709,1238,25
Peru,511,2007,f,1084922,1422,30
Peru,511,2007,f,950108,1840,35
Peru,511,2007,f,833832,2268,40
Peru,511,2007,f,702058,2638,45
Peru,511,2007,f,577226,3416,50
Peru,511,2007,f,464365,3696,55
Peru,511,2007,f,374152,4772,60
Peru,511,2007,f,306689,5496,65
Peru,511,2007,f,238024,7174,70
Peru,511,2007,f,163149,8696,75
Peru,511,2007,f,95206,9374,80
Peru,511,2007,f,68241,18484,85
Peru,511,2007,f,,,110
Peru,511,2007,m,1498795,7868,0
Peru,511,2007,m,1487613,816,5
Peru,511,2007,m,1484910,894,10
Peru,511,2007,m,1429611,1638,15
Peru,511,2007,m,1312718,2400,20
Peru,511,2007,m,1219992,2604,25
Peru,511,2007,m,1099199,2792,30
Peru,511,2007,m,956370,2874,35
Peru,511,2007,m,832658,3250,40
Peru,511,2007,m,692840,3596,45
Peru,511,2007,m,562028,4208,50
Peru,511,2007,m,447160,4468,55
Peru,511,2007,m,353983,5572,60
Peru,511,2007,m,281148,7166,65
Peru,511,2007,m,208144,9010,70
Peru,511,2007,m,133462,10278,75
Peru,511,2007,m,71484,9994,80
Peru,511,2007,m,44037,14632,85
Peru,511,2007,m,,,110
Puerto Rico,512,1960,f,174783,1765,0
Puerto Rico,512,1960,f,161599,117,5
Puerto Rico,512,1960,f,158963,74,10
Puerto Rico,512,1960,f,124258,79,15
Puerto Rico,512,1960,f,91873,78,20
Puerto Rico,512,1960,f,74219,114,25
Puerto Rico,512,1960,f,68006,118,30
Puerto Rico,512,1960,f,69072,167,35
Puerto Rico,512,1960,f,54266,193,40
Puerto Rico,512,1960,f,51807,210,45
Puerto Rico,512,1960,f,35376,248,50
Puerto Rico,512,1960,f,31468,260,55
Puerto Rico,512,1960,f,28975,391,60
Puerto Rico,512,1960,f,23579,506,65
Puerto Rico,512,1960,f,15134,581,70
Puerto Rico,512,1960,f,10961,510,75
Puerto Rico,512,1960,f,5488,587,80
Puerto Rico,512,1960,f,6953,1374,85
Puerto Rico,512,1960,f,,,110
Puerto Rico,512,1960,m,179619,2149,0
Puerto Rico,512,1960,m,165930,127,5
Puerto Rico,512,1960,m,162244,115,10
Puerto Rico,512,1960,m,122602,144,15
Puerto Rico,512,1960,m,79792,143,20
Puerto Rico,512,1960,m,61971,177,25
Puerto Rico,512,1960,m,58723,154,30
Puerto Rico,512,1960,m,61592,212,35
Puerto Rico,512,1960,m,53087,273,40
Puerto Rico,512,1960,m,53781,338,45
Puerto Rico,512,1960,m,39832,441,50
Puerto Rico,512,1960,m,34404,501,55
Puerto Rico,512,1960,m,29095,582,60
Puerto Rico,512,1960,m,24525,718,65
Puerto Rico,512,1960,m,16370,775,70
Puerto Rico,512,1960,m,10275,603,75
Puerto Rico,512,1960,m,4636,600,80
Puerto Rico,512,1960,m,4286,912,85
Puerto Rico,512,1960,m,,,110
Puerto Rico,512,1970,f,156810,1588,0
Puerto Rico,512,1970,f,167219,92,5
Puerto Rico,512,1970,f,164771,64,10
Puerto Rico,512,1970,f,147520,88,15
Puerto Rico,512,1970,f,125799,96,20
Puerto Rico,512,1970,f,97909,101,25
Puerto Rico,512,1970,f,83160,109,30
Puerto Rico,512,1970,f,76936,147,35
Puerto Rico,512,1970,f,67317,175,40
Puerto Rico,512,1970,f,62529,215,45
Puerto Rico,512,1970,f,52539,273,50
Puerto Rico,512,1970,f,47297,302,55
Puerto Rico,512,1970,f,40911,436,60
Puerto Rico,512,1970,f,33469,548,65
Puerto Rico,512,1970,f,21564,597,70
Puerto Rico,512,1970,f,14512,571,75
Puerto Rico,512,1970,f,10687,657,80
Puerto Rico,512,1970,f,11135,1504,85
Puerto Rico,512,1970,f,,,110
Puerto Rico,512,1970,m,161296,2033,0
Puerto Rico,512,1970,m,171035,118,5
Puerto Rico,512,1970,m,169789,108,10
Puerto Rico,512,1970,m,143806,176,15
Puerto Rico,512,1970,m,108077,190,20
Puerto Rico,512,1970,m,84729,168,25
Puerto Rico,512,1970,m,73492,180,30
Puerto Rico,512,1970,m,68187,231,35
Puerto Rico,512,1970,m,61530,288,40
Puerto Rico,512,1970,m,59437,366,45
Puerto Rico,512,1970,m,53032,477,50
Puerto Rico,512,1970,m,49156,544,55
Puerto Rico,512,1970,m,40673,665,60
Puerto Rico,512,1970,m,32914,809,65
Puerto Rico,512,1970,m,21845,834,70
Puerto Rico,512,1970,m,13854,727,75
Puerto Rico,512,1970,m,9313,683,80
Puerto Rico,512,1970,m,7784,1102,85
Puerto Rico,512,1970,m,,,110
Puerto Rico,512,1980,f,167424,780,0
Puerto Rico,512,1980,f,162169,47,5
Puerto Rico,512,1980,f,165797,49,10
Puerto Rico,512,1980,f,168735,73,15
Puerto Rico,512,1980,f,143187,78,20
Puerto Rico,512,1980,f,125316,82,25
Puerto Rico,512,1980,f,122343,99,30
Puerto Rico,512,1980,f,102828,126,35
Puerto Rico,512,1980,f,87589,151,40
Puerto Rico,512,1980,f,76692,208,45
Puerto Rico,512,1980,f,68611,295,50
Puerto Rico,512,1980,f,62380,380,55
Puerto Rico,512,1980,f,54294,541,60
Puerto Rico,512,1980,f,48555,709,65
Puerto Rico,512,1980,f,33685,804,70
Puerto Rico,512,1980,f,23712,811,75
Puerto Rico,512,1980,f,13107,888,80
Puerto Rico,512,1980,f,13369,2035,85
Puerto Rico,512,1980,f,,,110
Puerto Rico,512,1980,m,173228,1035,0
Puerto Rico,512,1980,m,168162,68,5
Puerto Rico,512,1980,m,172494,94,10
Puerto Rico,512,1980,m,168399,199,15
Puerto Rico,512,1980,m,129243,257,20
Puerto Rico,512,1980,m,110820,240,25
Puerto Rico,512,1980,m,107419,240,30
Puerto Rico,512,1980,m,91456,261,35
Puerto Rico,512,1980,m,78063,328,40
Puerto Rico,512,1980,m,68328,439,45
Puerto Rico,512,1980,m,61175,573,50
Puerto Rico,512,1980,m,57158,729,55
Puerto Rico,512,1980,m,50641,923,60
Puerto Rico,512,1980,m,45989,1072,65
Puerto Rico,512,1980,m,31795,1115,70
Puerto Rico,512,1980,m,21669,1021,75
Puerto Rico,512,1980,m,11138,941,80
Puerto Rico,512,1980,m,9550,1619,85
Puerto Rico,512,1980,m,,,110
Puerto Rico,512,1990,f,148414,498,0
Puerto Rico,512,1990,f,155145,34,5
Puerto Rico,512,1990,f,166866,34,10
Puerto Rico,512,1990,f,161085,60,15
Puerto Rico,512,1990,f,146229,79,20
Puerto Rico,512,1990,f,141552,99,25
Puerto Rico,512,1990,f,135062,123,30
Puerto Rico,512,1990,f,126069,144,35
Puerto Rico,512,1990,f,120618,174,40
Puerto Rico,512,1990,f,102586,217,45
Puerto Rico,512,1990,f,85886,312,50
Puerto Rico,512,1990,f,75251,425,55
Puerto Rico,512,1990,f,66974,618,60
Puerto Rico,512,1990,f,60365,845,65
Puerto Rico,512,1990,f,46356,1093,70
Puerto Rico,512,1990,f,36303,1231,75
Puerto Rico,512,1990,f,22624,1268,80
Puerto Rico,512,1990,f,19010,2368,85
Puerto Rico,512,1990,f,,,110
Puerto Rico,512,1990,m,153759,657,0
Puerto Rico,512,1990,m,161328,40,5
Puerto Rico,512,1990,m,172707,61,10
Puerto Rico,512,1990,m,165632,182,15
Puerto Rico,512,1990,m,140998,269,20
Puerto Rico,512,1990,m,129010,326,25
Puerto Rico,512,1990,m,119225,378,30
Puerto Rico,512,1990,m,110440,425,35
Puerto Rico,512,1990,m,105352,448,40
Puerto Rico,512,1990,m,91398,497,45
Puerto Rico,512,1990,m,75988,611,50
Puerto Rico,512,1990,m,65701,788,55
Puerto Rico,512,1990,m,57878,1069,60
Puerto Rico,512,1990,m,52353,1329,65
Puerto Rico,512,1990,m,40323,1518,70
Puerto Rico,512,1990,m,31519,1536,75
Puerto Rico,512,1990,m,18376,1350,80
Puerto Rico,512,1990,m,13655,1903,85
Puerto Rico,512,1990,m,,,110
Puerto Rico,512,2000,f,144119,385,0
Puerto Rico,512,2000,f,148909,26,5
Puerto Rico,512,2000,f,149816,29,10
Puerto Rico,512,2000,f,154127,60,15
Puerto Rico,512,2000,f,151765,87,20
Puerto Rico,512,2000,f,138489,133,25
Puerto Rico,512,2000,f,136661,183,30
Puerto Rico,512,2000,f,140428,222,35
Puerto Rico,512,2000,f,134536,246,40
Puerto Rico,512,2000,f,125384,298,45
Puerto Rico,512,2000,f,123825,366,50
Puerto Rico,512,2000,f,101752,478,55
Puerto Rico,512,2000,f,86288,694,60
Puerto Rico,512,2000,f,73299,940,65
Puerto Rico,512,2000,f,59209,1245,70
Puerto Rico,512,2000,f,47082,1546,75
Puerto Rico,512,2000,f,30705,1762,80
Puerto Rico,512,2000,f,28639,3116,85
Puerto Rico,512,2000,f,,,110
Puerto Rico,512,2000,m,151287,493,0
Puerto Rico,512,2000,m,156253,34,5
Puerto Rico,512,2000,m,155984,52,10
Puerto Rico,512,2000,m,159309,268,15
Puerto Rico,512,2000,m,149426,401,20
Puerto Rico,512,2000,m,133018,448,25
Puerto Rico,512,2000,m,126164,582,30
Puerto Rico,512,2000,m,124421,663,35
Puerto Rico,512,2000,m,116278,702,40
Puerto Rico,512,2000,m,107736,728,45
Puerto Rico,512,2000,m,106091,802,50
Puerto Rico,512,2000,m,87131,905,55
Puerto Rico,512,2000,m,74276,1173,60
Puerto Rico,512,2000,m,60982,1409,65
Puerto Rico,512,2000,m,47461,1721,70
Puerto Rico,512,2000,m,35996,1854,75
Puerto Rico,512,2000,m,22697,1859,80
Puerto Rico,512,2000,m,19067,2440,85
Puerto Rico,512,2000,m,,,110
Guatemala,513,1964,f,370022,17208,0
Guatemala,513,1964,f,322661,2323,5
Guatemala,513,1964,f,261839,826,10
Guatemala,513,1964,f,219096,850,15
Guatemala,513,1964,f,176942,1016,20
Guatemala,513,1964,f,150845,959,25
Guatemala,513,1964,f,133503,931,30
Guatemala,513,1964,f,119751,907,35
Guatemala,513,1964,f,90285,816,40
Guatemala,513,1964,f,68447,752,45
Guatemala,513,1964,f,60268,870,50
Guatemala,513,1964,f,41348,842,55
Guatemala,513,1964,f,42083,1378,60
Guatemala,513,1964,f,23018,1080,65
Guatemala,513,1964,f,16171,1056,70
Guatemala,513,1964,f,9112,735,75
Guatemala,513,1964,f,5983,779,80
Guatemala,513,1964,f,4168,831,85
Guatemala,513,1964,f,,,110
Guatemala,513,1964,m,378632,18849,0
Guatemala,513,1964,m,335290,2302,5
Guatemala,513,1964,m,281215,960,10
Guatemala,513,1964,m,219253,921,15
Guatemala,513,1964,m,175044,922,20
Guatemala,513,1964,m,148040,882,25
Guatemala,513,1964,m,137234,1003,30
Guatemala,513,1964,m,120989,1031,35
Guatemala,513,1964,m,95763,960,40
Guatemala,513,1964,m,75027,1000,45
Guatemala,513,1964,m,59439,1030,50
Guatemala,513,1964,m,42756,956,55
Guatemala,513,1964,m,44839,1481,60
Guatemala,513,1964,m,24754,1143,65
Guatemala,513,1964,m,15798,1060,70
Guatemala,513,1964,m,9529,783,75
Guatemala,513,1964,m,5136,594,80
Guatemala,513,1964,m,3718,687,85
Guatemala,513,1964,m,,,110
Guatemala,513,1973,f,430806,17301,0
Guatemala,513,1973,f,382669,2403,5
Guatemala,513,1973,f,329722,860,10
Guatemala,513,1973,f,285590,839,15
Guatemala,513,1973,f,239281,938,20
Guatemala,513,1973,f,178339,871,25
Guatemala,513,1973,f,141369,865,30
Guatemala,513,1973,f,137312,940,35
Guatemala,513,1973,f,113387,851,40
Guatemala,513,1973,f,91113,737,45
Guatemala,513,1973,f,71672,844,50
Guatemala,513,1973,f,48110,869,55
Guatemala,513,1973,f,46375,1309,60
Guatemala,513,1973,f,28047,1094,65
Guatemala,513,1973,f,21913,1176,70
Guatemala,513,1973,f,11845,891,75
Guatemala,513,1973,f,7636,811,80
Guatemala,513,1973,f,5771,921,85
Guatemala,513,1973,f,,,110
Guatemala,513,1973,m,439571,18719,0
Guatemala,513,1973,m,395066,2378,5
Guatemala,513,1973,m,348438,970,10
Guatemala,513,1973,m,274689,880,15
Guatemala,513,1973,m,230991,972,20
Guatemala,513,1973,m,168921,896,25
Guatemala,513,1973,m,141113,963,30
Guatemala,513,1973,m,131001,1018,35
Guatemala,513,1973,m,116391,1070,40
Guatemala,513,1973,m,93389,1055,45
Guatemala,513,1973,m,75332,1086,50
Guatemala,513,1973,m,51555,1079,55
Guatemala,513,1973,m,48651,1378,60
Guatemala,513,1973,m,28192,1226,65
Guatemala,513,1973,m,22301,1262,70
Guatemala,513,1973,m,11911,939,75
Guatemala,513,1973,m,6744,696,80
Guatemala,513,1973,m,5008,735,85
Guatemala,513,1973,m,,,110
Guatemala,513,1981,f,522323,17560,0
Guatemala,513,1981,f,445236,1841,5
Guatemala,513,1981,f,370561,789,10
Guatemala,513,1981,f,335000,860,15
Guatemala,513,1981,f,286013,899,20
Guatemala,513,1981,f,222113,815,25
Guatemala,513,1981,f,175961,768,30
Guatemala,513,1981,f,153032,851,35
Guatemala,513,1981,f,121845,811,40
Guatemala,513,1981,f,103665,815,45
Guatemala,513,1981,f,91083,832,50
Guatemala,513,1981,f,62537,858,55
Guatemala,513,1981,f,54731,1119,60
Guatemala,513,1981,f,35032,1227,65
Guatemala,513,1981,f,25161,1321,70
Guatemala,513,1981,f,15640,1211,75
Guatemala,513,1981,f,10553,1015,80
Guatemala,513,1981,f,7915,1216,85
Guatemala,513,1981,f,,,110
Guatemala,513,1981,m,535207,19538,0
Guatemala,513,1981,m,456308,1848,5
Guatemala,513,1981,m,386093,870,10
Guatemala,513,1981,m,313602,961,15
Guatemala,513,1981,m,261727,1310,20
Guatemala,513,1981,m,205198,1263,25
Guatemala,513,1981,m,174668,1119,30
Guatemala,513,1981,m,145331,1143,35
Guatemala,513,1981,m,124140,1126,40
Guatemala,513,1981,m,102139,1217,45
Guatemala,513,1981,m,92094,1252,50
Guatemala,513,1981,m,64923,1247,55
Guatemala,513,1981,m,61090,1435,60
Guatemala,513,1981,m,35835,1379,65
Guatemala,513,1981,m,25260,1430,70
Guatemala,513,1981,m,15538,1314,75
Guatemala,513,1981,m,9952,924,80
Guatemala,513,1981,m,6721,966,85
Guatemala,513,1981,m,,,110
Guatemala,513,1994,f,645473,13594,0
Guatemala,513,1994,f,605245,1139,5
Guatemala,513,1994,f,551559,535,10
Guatemala,513,1994,f,467059,639,15
Guatemala,513,1994,f,376270,776,20
Guatemala,513,1994,f,293119,734,25
Guatemala,513,1994,f,266588,766,30
Guatemala,513,1994,f,231835,846,35
Guatemala,513,1994,f,190567,787,40
Guatemala,513,1994,f,146598,798,45
Guatemala,513,1994,f,118526,917,50
Guatemala,513,1994,f,89404,1053,55
Guatemala,513,1994,f,83866,1349,60
Guatemala,513,1994,f,61325,1339,65
Guatemala,513,1994,f,43988,1669,70
Guatemala,513,1994,f,26330,1528,75
Guatemala,513,1994,f,16918,1458,80
Guatemala,513,1994,f,13635,1694,85
Guatemala,513,1994,f,,,110
Guatemala,513,1994,m,666589,15656,0
Guatemala,513,1994,m,624183,1183,5
Guatemala,513,1994,m,573143,640,10
Guatemala,513,1994,m,442844,890,15
Guatemala,513,1994,m,331911,1331,20
Guatemala,513,1994,m,259481,1329,25
Guatemala,513,1994,m,244727,1333,30
Guatemala,513,1994,m,207715,1337,35
Guatemala,513,1994,m,178540,1196,40
Guatemala,513,1994,m,137409,1199,45
Guatemala,513,1994,m,112564,1386,50
Guatemala,513,1994,m,86280,1446,55
Guatemala,513,1994,m,82869,1756,60
Guatemala,513,1994,m,59749,1768,65
Guatemala,513,1994,m,43491,1927,70
Guatemala,513,1994,m,25520,1692,75
Guatemala,513,1994,m,14907,1358,80
Guatemala,513,1994,m,11647,1446,85
Guatemala,513,1994,m,,,110